reference_no,company_name,job_title,min_experience,avg_salary,min_salary,max_salary,num_of_jobs,job_id,experience_group,senior_title,senior_low_experience,non_senior_high_experience,salary_band_ratio,wide_salary_band,num_of_jobs_log,avg_salary_log,company_normalized
7834,TCS,Data Scientist,2,7.8,4.5,16.0,841,1,2,False,False,False,3.5555555555555554,False,6.7357800142423265,2.174751721484161,tcs
7862,Accenture,Data Scientist,2,12.8,5.8,23.0,501,2,2,False,False,False,3.9655172413793105,False,6.218600119691729,2.624668592163159,accenture
5925,IBM,Data Scientist,2,13.4,5.3,25.0,394,3,2,False,False,False,4.716981132075472,False,5.978885764901122,2.667228206581955,ibm
7578,Cognizant,Data Scientist,2,9.8,5.0,18.0,318,4,2,False,False,False,3.6,False,5.765191102784844,2.379546134130174,cognizant
7177,Capgemini,Data Scientist,2,8.6,4.8,14.6,300,5,2,False,False,False,3.0416666666666665,False,5.707110264748875,2.2617630984737906,capgemini
4018,Infosys,Data Scientist,2,9.3,4.5,24.0,228,6,2,False,False,False,5.333333333333333,True,5.43372200355424,2.33214389523559,infosys
8562,Wipro,Data Scientist,2,9.7,4.5,18.2,225,7,2,False,False,False,4.044444444444444,False,5.420534999272286,2.3702437414678603,wipro
6212,Tech Mahindra,Data Scientist,2,7.6,4.1,15.4,218,8,2,False,False,False,3.75609756097561,False,5.389071729816501,2.151762203259462,tech mahindra
8334,Fractal Analytics,Data Scientist,2,15.9,10.0,23.0,166,9,2,False,False,False,2.3,False,5.117993812416755,2.8273136219290276,fractal analytics
3930,Deloitte,Data Scientist,2,14.2,7.0,25.0,163,10,2,False,False,False,3.5714285714285716,False,5.099866427824199,2.7212954278522306,deloitte
5436,Ericsson,Data Scientist,3,14.6,6.0,26.9,152,11,3,False,False,False,4.483333333333333,False,5.030437921392435,2.747270914255491,ericsson
7445,HCL Technologies,Data Scientist,2,9.8,4.5,20.3,152,12,2,False,False,False,4.511111111111111,False,5.030437921392435,2.379546134130174,hcl technologies
4215,Amazon,Data Scientist,2,28.1,9.5,50.0,140,13,2,False,False,False,5.2631578947368425,True,4.948759890378168,3.370738174177447,amazon
8777,UnitedHealth,Data Scientist,2,14.8,8.3,21.5,120,14,2,False,False,False,2.5903614457831323,False,4.795790545596741,2.760009940032921,unitedhealth
1347,Mu Sigma,Data Scientist,1,7.4,5.0,12.0,116,15,1,False,False,False,2.4,False,4.762173934797756,2.128231705849268,mu sigma
3097,Ab Inbev,Data Scientist,2,20.6,15.0,26.2,116,16,2,False,False,False,1.7466666666666666,False,4.762173934797756,3.0726933146901194,ab inbev
1322,L&T Infotech,Data Scientist,2,11.6,6.5,20.9,102,17,2,False,False,False,3.215384615384615,False,4.634728988229636,2.533696813957432,lt infotech
3990,Tiger Analytics,Data Scientist,2,14.8,9.0,20.0,102,18,2,False,False,False,2.2222222222222223,False,4.634728988229636,2.760009940032921,tiger analytics
8847,Optum,Data Scientist,2,16.6,11.0,22.5,101,19,2,False,False,False,2.0454545454545454,False,4.624972813284271,2.8678989020441064,optum
3700,Ernst & Young,Data Scientist,2,12.4,6.7,20.0,96,20,2,False,False,False,2.9850746268656714,False,4.574710978503383,2.5952547069568657,ernst young
8732,Mindtree,Data Scientist,2,10.6,4.8,18.7,94,21,2,False,False,False,3.8958333333333335,False,4.553876891600541,2.451005098112319,mindtree
5837,Walmart,Data Scientist,2,28.3,17.8,41.0,85,22,2,False,False,False,2.303370786516854,False,4.454347296253507,3.3775875160230218,walmart
4163,DXC Technology,Data Scientist,2,10.0,4.4,15.5,83,23,2,False,False,False,3.5227272727272725,False,4.430816798843313,2.3978952727983707,dxc technology
1769,Microsoft Corporation,Data Scientist,1,32.1,13.0,60.0,81,24,1,False,False,False,4.615384615384615,False,4.406719247264253,3.4995332823830174,microsoft corporation
3026,Genpact,Data Scientist,2,12.2,5.5,20.0,74,25,2,False,False,False,3.6363636363636362,False,4.31748811353631,2.580216829592325,genpact
6255,Hewlett-Packard Enterprise,Data Scientist,2,16.6,7.1,26.5,70,26,2,False,False,False,3.7323943661971835,False,4.2626798770413155,2.8678989020441064,hewlettpackard enterprise
8658,Ford Motor,Data Scientist,2,14.4,10.0,20.0,64,27,2,False,False,False,2.0,False,4.174387269895637,2.7343675094195836,ford motor
7508,Reliance jio,Data Scientist,1,15.6,5.6,30.0,61,28,1,False,False,False,5.357142857142858,True,4.127134385045092,2.8094026953624978,reliance jio
6502,Verizon,Data Scientist,3,14.2,9.9,21.8,58,29,3,False,False,False,2.202020202020202,False,4.07753744390572,2.7212954278522306,verizon
2075,IQVIA,Data Scientist,2,11.4,6.9,22.0,58,30,2,False,False,False,3.1884057971014492,False,4.07753744390572,2.517696472610991,iqvia
1093,Shell,Data Scientist,3,20.9,13.5,27.0,57,31,3,False,False,False,2.0,False,4.060443010546419,3.086486636822455,shell
8466,PayPal,Data Scientist,3,27.7,15.0,45.0,57,32,3,False,False,False,3.0,False,4.060443010546419,3.3568971227655755,paypal
1700,JP Morgan Chase,Data Scientist,2,20.5,12.0,31.0,56,33,2,False,False,False,2.5833333333333335,False,4.04305126783455,3.068052935133617,jp morgan chase
2098,EXL Service,Data Scientist,1,14.0,7.6,21.0,55,34,1,False,False,False,2.763157894736842,False,4.02535169073515,2.70805020110221,exl service
1634,American Express,Data Scientist,2,17.7,10.8,26.0,48,35,2,False,False,False,2.4074074074074074,False,3.8918202981106265,2.928523523860541,american express
2073,Vodafone Idea,Data Scientist,2,13.4,6.0,20.0,45,36,2,False,False,False,3.3333333333333335,False,3.828641396489095,2.667228206581955,vodafone idea
2884,HDFC Bank,Data Scientist,0,15.3,9.0,22.2,44,37,0,False,False,False,2.466666666666667,False,3.8066624897703196,2.791165107812717,hdfc bank
6527,Great Learning,Data Scientist,0,9.3,7.0,13.8,44,38,0,False,False,False,1.9714285714285715,False,3.8066624897703196,2.33214389523559,great learning
6308,Reliance Industries,Data Scientist,1,10.4,6.0,21.0,42,39,1,False,False,False,3.5,False,3.7612001156935624,2.4336133554004498,reliance industries
5241,ZS,Data Scientist,1,16.9,10.0,25.0,42,40,1,False,False,False,2.5,False,3.7612001156935624,2.884800712846709,zs
2744,Oracle,Data Scientist,2,16.3,6.5,39.0,42,41,2,False,False,False,6.0,True,3.7612001156935624,2.8507065015037334,oracle
7417,Novartis Healthcare,Data Scientist,2,21.9,9.0,36.0,41,42,2,False,False,False,4.0,False,3.7376696182833684,3.131136910560194,novartis healthcare
5750,TheMathCompany,Data Scientist,2,10.5,6.0,16.0,41,43,2,False,False,False,2.6666666666666665,False,3.7376696182833684,2.4423470353692043,themathcompany
8050,PwC,Data Scientist,2,12.6,7.5,20.0,41,44,2,False,False,False,2.6666666666666665,False,3.7376696182833684,2.6100697927420065,pwc
5007,SAP,Data Scientist,2,17.4,11.0,26.0,40,45,2,False,False,False,2.3636363636363638,False,3.713572066704308,2.91235066461494,sap
1554,Legato Health Technologies,Data Scientist,1,14.3,9.0,21.0,39,46,1,False,False,False,2.3333333333333335,False,3.6888794541139363,2.72785282839839,legato health technologies
1582,Impact Analytics,Data Scientist,0,9.0,7.0,13.0,38,47,0,False,False,False,1.8571428571428572,False,3.6635616461296463,2.302585092994046,impact analytics
6534,Innominds Software,Data Scientist,1,10.7,6.5,15.2,37,48,1,False,False,False,2.338461538461538,False,3.6375861597263857,2.4595888418037104,innominds software
5702,Flipkart,Data Scientist,0,23.2,14.7,42.0,37,49,0,False,False,False,2.857142857142857,False,3.6375861597263857,3.186352633162641,flipkart
8479,Innodatatics,Data Scientist,0,4.5,2.0,7.0,37,50,0,False,False,False,3.5,False,3.6375861597263857,1.7047480922384253,innodatatics
6834,KPMG,Data Scientist,2,14.1,9.0,20.0,36,51,2,False,False,False,2.2222222222222223,False,3.6109179126442243,2.714694743820879,kpmg
4726,NTT DATA,Data Scientist,2,7.7,5.0,17.2,36,52,2,False,False,False,3.44,False,3.6109179126442243,2.163323025660538,ntt data
6624,HSBC,Data Scientist,2,14.1,8.5,23.9,36,53,2,False,False,False,2.8117647058823527,False,3.6109179126442243,2.714694743820879,hsbc
4409,Societe Generale,Data Scientist,1,18.2,7.4,26.0,35,54,1,False,False,False,3.513513513513513,False,3.58351893845611,2.954910279033736,societe generale
4038,Mphasis,Data Scientist,2,8.9,5.2,15.0,35,55,2,False,False,False,2.8846153846153846,False,3.58351893845611,2.2925347571405443,mphasis
7493,Mercedes-Benz Research & Development India,Data Scientist,2,14.1,8.2,21.0,34,56,2,False,False,False,2.5609756097560976,False,3.5553480614894135,2.714694743820879,mercedesbenz research development india
6130,BEPEC Solutions,Data Scientist,1,4.9,3.0,7.0,34,57,1,False,False,False,2.3333333333333335,False,3.5553480614894135,1.7749523509116738,bepec solutions
8451,Brillio,Data Scientist,1,16.0,9.0,24.0,33,58,1,False,False,False,2.6666666666666665,False,3.5263605246161616,2.833213344056216,brillio
2580,ABC,Data Scientist,2,19.2,6.5,35.0,32,59,2,False,False,False,5.384615384615385,True,3.4965075614664802,3.005682604407159,abc
1232,WNS,Data Scientist,1,11.4,7.2,17.0,32,60,1,False,False,False,2.361111111111111,False,3.4965075614664802,2.517696472610991,wns
1843,Hexaware Technologies,Data Scientist,0,9.7,4.5,19.0,32,61,0,False,False,False,4.222222222222222,False,3.4965075614664802,2.3702437414678603,hexaware technologies
5007,International School of Engineering,Data Scientist,1,10.5,5.4,16.3,31,62,1,False,False,False,3.0185185185185186,False,3.4657359027997265,2.4423470353692043,international school of engineering
3353,Wells Fargo India,Data Scientist,2,15.4,5.5,31.2,31,63,2,False,False,False,5.672727272727273,True,3.4657359027997265,2.797281334830153,wells fargo india
1871,Kyndryl,Data Scientist,3,14.1,6.0,30.0,31,64,3,False,False,False,5.0,False,3.4657359027997265,2.714694743820879,kyndryl
3678,eClerx,Data Scientist,2,9.3,6.0,16.7,30,65,2,False,False,False,2.783333333333333,False,3.4339872044851463,2.33214389523559,eclerx
1145,DBS Bank,Data Scientist,2,14.3,9.0,23.7,30,66,2,False,False,False,2.6333333333333333,False,3.4339872044851463,2.72785282839839,dbs bank
4465,Cyient,Data Scientist,2,10.4,5.0,18.5,30,67,2,False,False,False,3.7,False,3.4339872044851463,2.4336133554004498,cyient
6940,Nagarro,Data Scientist,1,12.1,7.0,18.0,29,68,1,False,False,False,2.5714285714285716,False,3.4011973816621555,2.5726122302071057,nagarro
2026,Freelancer.com,Data Scientist,1,7.1,3.0,15.0,29,69,1,False,False,False,5.0,False,3.4011973816621555,2.0918640616783932,freelancercom
1160,Cisco Systems,Data Scientist,2,19.0,12.0,32.5,28,70,2,False,False,False,2.7083333333333335,False,3.367295829986474,2.995732273553991,cisco systems
5453,Bajaj Finserv,Data Scientist,1,11.9,7.5,19.4,28,71,1,False,False,False,2.5866666666666664,False,3.367295829986474,2.5572273113676265,bajaj finserv
7955,Dell,Data Scientist,1,17.0,8.0,27.0,27,72,1,False,False,False,3.375,False,3.332204510175204,2.8903717578961645,dell
2170,Dunnhumby,Data Scientist,1,12.9,8.5,18.0,26,73,1,False,False,False,2.1176470588235294,False,3.295836866004329,2.631888840136646,dunnhumby
4548,Honeywell Technology Solutions,Data Scientist,2,15.1,8.5,23.4,26,74,2,False,False,False,2.7529411764705882,False,3.295836866004329,2.7788192719904172,honeywell technology solutions
3997,Bristlecone,Data Scientist,1,9.0,6.6,11.5,26,75,1,False,False,False,1.7424242424242424,False,3.295836866004329,2.302585092994046,bristlecone
3756,Sigmoid Analytics,Data Scientist,0,14.9,11.0,20.0,26,76,0,False,False,False,1.8181818181818181,False,3.295836866004329,2.766319109226186,sigmoid analytics
5538,Applied Materials,Data Scientist,2,14.2,7.0,22.0,26,77,2,False,False,False,3.142857142857143,False,3.295836866004329,2.7212954278522306,applied materials
6821,Citicorp,Data Scientist,2,19.2,14.0,23.5,26,78,2,False,False,False,1.6785714285714286,False,3.295836866004329,3.005682604407159,citicorp
1099,Siemens,Data Scientist,2,13.5,7.8,24.0,26,79,2,False,False,False,3.076923076923077,False,3.295836866004329,2.6741486494265287,siemens
4945,MasterCard,Data Scientist,2,19.6,12.1,25.3,26,80,2,False,False,False,2.090909090909091,False,3.295836866004329,3.0252910757955354,mastercard
1930,Bosch Global Software Technologies,Data Scientist,2,11.9,7.0,16.6,25,81,2,False,False,False,2.3714285714285714,False,3.258096538021482,2.5572273113676265,bosch global software technologies
2859,Wolters Kluwer,Data Scientist,0,12.5,9.9,17.6,25,82,0,False,False,False,1.777777777777778,False,3.258096538021482,2.6026896854443837,wolters kluwer
1335,Birlasoft,Data Scientist,2,8.0,4.0,12.7,25,83,2,False,False,False,3.175,False,3.258096538021482,2.1972245773362196,birlasoft
6721,Atos,Data Scientist,2,13.0,5.0,28.0,25,84,2,False,False,False,5.6,True,3.258096538021482,2.6390573296152584,atos
3168,Info Edge,Data Scientist,0,16.9,12.0,24.0,25,85,0,False,False,False,2.0,False,3.258096538021482,2.884800712846709,info edge
6267,VMware Software,Data Scientist,4,23.6,11.5,32.1,25,86,4,False,False,False,2.7913043478260873,False,3.258096538021482,3.202746442938317,vmware software
5215,Course5,Data Scientist,1,8.1,4.0,12.7,25,87,1,False,False,False,3.175,False,3.258096538021482,2.2082744135228043,course5
4062,Bridgei2i Analytics Solutions,Data Scientist,2,9.4,6.0,14.4,24,88,2,False,False,False,2.4,False,3.2188758248682006,2.341805806147327,bridgei2i analytics solutions
8614,Larsen & Toubro Limited,Data Scientist,1,9.4,4.5,23.0,24,89,1,False,False,False,5.111111111111111,True,3.2188758248682006,2.341805806147327,larsen toubro limited
7202,iNeuron.ai,Data Scientist,0,5.1,3.0,8.0,24,90,0,False,False,False,2.6666666666666665,False,3.2188758248682006,1.8082887711792655,ineuronai
4119,Tredence,Data Scientist,2,14.4,8.0,19.0,23,91,2,False,False,False,2.375,False,3.1780538303479458,2.7343675094195836,tredence
6033,Enquero,Data Scientist,0,11.5,5.0,16.2,23,92,0,False,False,False,3.2399999999999998,False,3.1780538303479458,2.5257286443082556,enquero
5746,R Systems International,Data Scientist,2,16.2,7.5,24.4,23,93,2,False,False,False,3.253333333333333,False,3.1780538303479458,2.8449093838194073,r systems international
3004,UST,Data Scientist,3,9.8,6.5,15.0,23,94,3,False,False,False,2.3076923076923075,False,3.1780538303479458,2.379546134130174,ust
4787,Cgi Group,Data Scientist,2,8.2,4.2,14.0,23,95,2,False,False,False,3.333333333333333,False,3.1780538303479458,2.2192034840549946,cgi group
2749,Bank of America,Data Scientist,2,22.8,13.2,30.3,23,96,2,False,False,False,2.2954545454545454,False,3.1780538303479458,3.169685580677429,bank of america
3684,Axis Bank,Data Scientist,1,11.7,7.9,18.0,23,97,1,False,False,False,2.2784810126582276,False,3.1780538303479458,2.5416019934645457,axis bank
7892,Ganit Business Solutions,Data Scientist,3,12.6,8.5,16.0,23,98,3,False,False,False,1.8823529411764706,False,3.1780538303479458,2.6100697927420065,ganit business solutions
4651,Virtusa Consulting Services,Data Scientist,1,9.7,4.8,15.6,22,99,1,False,False,False,3.25,False,3.1354942159291497,2.3702437414678603,virtusa consulting services
2352,ITC Infotech India,Data Scientist,2,10.9,4.1,20.5,22,100,2,False,False,False,5.0,False,3.1354942159291497,2.4765384001174837,itc infotech india
4307,Gramener,Data Scientist,1,9.8,7.5,14.0,22,101,1,False,False,False,1.8666666666666667,False,3.1354942159291497,2.379546134130174,gramener
1185,Subex,Data Scientist,1,10.8,8.2,13.7,22,102,1,False,False,False,1.6707317073170733,False,3.1354942159291497,2.468099531471619,subex
7236,Xoriant,Data Scientist,2,10.4,5.3,17.6,22,103,2,False,False,False,3.3207547169811327,False,3.1354942159291497,2.4336133554004498,xoriant
5318,Caterpillar Inc,Data Scientist,2,12.8,7.7,18.0,21,104,2,False,False,False,2.3376623376623376,False,3.091042453358316,2.624668592163159,caterpillar inc
3508,ICICI Bank,Data Scientist,0,11.9,5.0,20.0,21,105,0,False,False,False,4.0,False,3.091042453358316,2.5572273113676265,icici bank
8321,Freelance Consultants,Data Scientist,1,10.2,3.2,24.0,21,106,1,False,False,False,7.5,True,3.091042453358316,2.4159137783010487,freelance consultants
4710,Sutherland Global Services,Data Scientist,1,8.5,5.1,12.3,21,107,1,False,False,False,2.4117647058823533,False,3.091042453358316,2.2512917986064953,sutherland global services
2597,Prodapt Solutions,Data Scientist,1,6.9,3.3,16.0,21,108,1,False,False,False,4.848484848484849,False,3.091042453358316,2.066862759472976,prodapt solutions
5388,Rubixe,Data Scientist,0,4.7,2.4,9.0,21,109,0,False,False,False,3.75,False,3.091042453358316,1.7404661748405046,rubixe
4757,NDS InfoServ,Data Scientist,0,9.1,5.0,12.0,20,110,0,False,False,False,2.4,False,3.044522437723423,2.312535423847214,nds infoserv
7722,Zensar Technologies,Data Scientist,1,8.2,4.2,15.5,20,111,1,False,False,False,3.6904761904761902,False,3.044522437723423,2.2192034840549946,zensar technologies
4470,Fidelity National Information Services,Data Scientist,3,10.9,7.3,18.6,20,112,3,False,False,False,2.5479452054794525,False,3.044522437723423,2.4765384001174837,fidelity national information services
4941,KPIT Technologies,Data Scientist,1,7.7,4.5,15.0,20,113,1,False,False,False,3.3333333333333335,False,3.044522437723423,2.163323025660538,kpit technologies
3365,Citibank,Data Scientist,2,17.3,10.0,24.2,20,114,2,False,False,False,2.42,False,3.044522437723423,2.9069010598473755,citibank
4013,ValueLabs,Data Scientist,2,14.6,7.0,22.5,20,115,2,False,False,False,3.2142857142857144,False,3.044522437723423,2.747270914255491,valuelabs
3653,ABB Group,Data Scientist,2,13.0,8.3,19.0,20,116,2,False,False,False,2.2891566265060237,False,3.044522437723423,2.6390573296152584,abb group
2520,L&T Financial Services,Data Scientist,1,9.3,8.2,12.5,20,117,1,False,False,False,1.524390243902439,False,3.044522437723423,2.33214389523559,lt financial services
2087,Value c Consulting India,Data Scientist,2,5.2,4.2,6.0,20,118,2,False,False,False,1.4285714285714286,False,3.044522437723423,1.824549292051046,value c consulting india
2584,Lumiq.ai,Data Scientist,0,8.3,6.0,13.0,20,119,0,False,False,False,2.1666666666666665,False,3.044522437723423,2.2300144001592104,lumiqai
7885,Flip Robo Technologies,Data Scientist,1,4.7,3.0,7.9,20,120,1,False,False,False,2.6333333333333333,False,3.044522437723423,1.7404661748405046,flip robo technologies
8008,Philips,Data Scientist,3,17.9,11.2,30.0,19,121,3,False,False,False,2.678571428571429,False,2.995732273553991,2.9391619220655967,philips
1973,Nokia,Data Scientist,2,13.0,6.2,24.0,19,122,2,False,False,False,3.8709677419354835,False,2.995732273553991,2.6390573296152584,nokia
1317,Confidential,Data Scientist,1,8.5,4.1,18.5,19,123,1,False,False,False,4.51219512195122,False,2.995732273553991,2.2512917986064953,confidential
6614,Tata Technologies,Data Scientist,0,6.6,4.8,9.2,19,124,0,False,False,False,1.9166666666666665,False,2.995732273553991,2.028148247292285,tata technologies
3712,Nielsen,Data Scientist,1,7.0,6.0,10.0,19,125,1,False,False,False,1.6666666666666667,False,2.995732273553991,2.0794415416798357,nielsen
8220,Kantar,Data Scientist,3,11.5,6.4,18.0,19,126,3,False,False,False,2.8125,False,2.995732273553991,2.5257286443082556,kantar
3175,Persistent Systems,Data Scientist,2,10.5,5.8,17.0,19,127,2,False,False,False,2.931034482758621,False,2.995732273553991,2.4423470353692043,persistent systems
5745,Exl India,Data Scientist,1,14.0,10.0,18.0,19,128,1,False,False,False,1.8,False,2.995732273553991,2.70805020110221,exl india
1389,Blue Yonder,Data Scientist,3,20.6,15.1,26.0,19,129,3,False,False,False,1.7218543046357617,False,2.995732273553991,3.0726933146901194,blue yonder
8933,Brane Enterprises,Data Scientist,1,14.0,8.0,22.5,19,130,1,False,False,False,2.8125,False,2.995732273553991,2.70805020110221,brane enterprises
4768,Micron Technology,Data Scientist,0,16.4,11.4,25.0,19,131,0,False,False,False,2.1929824561403506,False,2.995732273553991,2.856470206220483,micron technology
4243,Indegene,Data Scientist,0,9.6,8.0,14.5,18,132,0,False,False,False,1.8125,False,2.9444389791664403,2.3608540011180215,indegene
8862,CARS24.com,Data Scientist,1,20.3,14.5,24.0,18,133,1,False,False,False,1.6551724137931034,False,2.9444389791664403,3.0587070727153796,cars24com
5418,GlobalLogic,Data Scientist,2,14.6,4.0,26.0,18,134,2,False,False,False,6.5,True,2.9444389791664403,2.747270914255491,globallogic
4598,Maersk,Data Scientist,4,20.9,14.0,31.0,18,135,4,False,False,False,2.2142857142857144,False,2.9444389791664403,3.086486636822455,maersk
5705,Barclays,Data Scientist,2,18.2,13.6,25.0,18,136,2,False,False,False,1.8382352941176472,False,2.9444389791664403,2.954910279033736,barclays
7811,Indium Software,Data Scientist,1,7.9,5.0,12.0,18,137,1,False,False,False,2.4,False,2.9444389791664403,2.186051276738094,indium software
1171,Celebal Technologies,Data Scientist,0,8.6,5.7,13.0,18,138,0,False,False,False,2.280701754385965,False,2.9444389791664403,2.2617630984737906,celebal technologies
2793,Affine Analytics,Data Scientist,1,9.7,6.3,18.0,18,139,1,False,False,False,2.857142857142857,False,2.9444389791664403,2.3702437414678603,affine analytics
3797,Fidelity Investment,Data Scientist,3,23.4,13.8,36.0,18,140,3,False,False,False,2.608695652173913,False,2.9444389791664403,3.1945831322991562,fidelity investment
3373,Jio Platforms,Data Scientist,2,13.9,7.0,23.0,18,141,2,False,False,False,3.2857142857142856,False,2.9444389791664403,2.7013612129514133,jio platforms
7971,Happiest Minds Technologies,Data Scientist,1,8.7,5.2,14.0,17,142,1,False,False,False,2.692307692307692,False,2.8903717578961645,2.272125885509337,happiest minds technologies
5151,Adobe,Data Scientist,3,29.4,20.0,44.0,17,143,3,False,False,False,2.2,False,2.8903717578961645,3.414442608412176,adobe
7118,CitiusTech,Data Scientist,2,10.4,5.8,17.5,17,144,2,False,False,False,3.0172413793103448,False,2.8903717578961645,2.4336133554004498,citiustech
5497,Scienaptic Systems,Data Scientist,0,14.6,8.0,19.0,17,145,0,False,False,False,2.375,False,2.8903717578961645,2.747270914255491,scienaptic systems
2525,Boeing,Data Scientist,1,19.4,13.5,35.0,17,146,1,False,False,False,2.5925925925925926,False,2.8903717578961645,3.0155349008501706,boeing
2394,Citigroup,Data Scientist,1,18.4,13.5,27.5,17,147,1,False,False,False,2.037037037037037,False,2.8903717578961645,2.9652730660692823,citigroup
1823,Marlabs,Data Scientist,0,9.3,5.5,20.6,16,148,0,False,False,False,3.7454545454545456,False,2.833213344056216,2.33214389523559,marlabs
1326,TransOrg Analytics,Data Scientist,1,9.4,7.0,13.5,16,149,1,False,False,False,1.9285714285714286,False,2.833213344056216,2.341805806147327,transorg analytics
7642,T-Systems,Data Scientist,3,14.1,7.8,24.0,16,150,3,False,False,False,3.076923076923077,False,2.833213344056216,2.714694743820879,tsystems
6985,Sopra Steria,Data Scientist,3,12.1,8.0,19.7,16,151,3,False,False,False,2.4625,False,2.833213344056216,2.5726122302071057,sopra steria
7237,Apexon,Data Scientist,2,7.5,4.9,10.8,16,152,2,False,False,False,2.204081632653061,False,2.833213344056216,2.1400661634962708,apexon
6915,Embibe,Data Scientist,0,16.6,12.0,21.0,16,153,0,False,False,False,1.75,False,2.833213344056216,2.8678989020441064,embibe
7668,Quest Global,Data Scientist,2,6.7,4.8,8.5,16,154,2,False,False,False,1.7708333333333335,False,2.833213344056216,2.0412203288596382,quest global
4290,Harman Connected Services,Data Scientist,3,13.6,7.0,26.5,16,155,3,False,False,False,3.7857142857142856,False,2.833213344056216,2.681021528714291,harman connected services
2938,Exxon Mobil,Data Scientist,2,23.2,14.0,30.1,16,156,2,False,False,False,2.15,False,2.833213344056216,3.186352633162641,exxon mobil
3809,Ugam Solution,Data Scientist,0,9.8,5.0,15.0,16,157,0,False,False,False,3.0,False,2.833213344056216,2.379546134130174,ugam solution
4986,L&T Technology Services,Data Scientist,1,8.7,4.3,18.0,16,158,1,False,False,False,4.186046511627907,False,2.833213344056216,2.272125885509337,lt technology services
6053,Credit Suisse,Data Scientist,2,17.4,11.0,26.0,16,159,2,False,False,False,2.3636363636363638,False,2.833213344056216,2.91235066461494,credit suisse
8474,Iris Software,Data Scientist,5,18.5,11.5,25.8,16,160,5+,False,False,False,2.243478260869565,False,2.833213344056216,2.970414465569701,iris software
8125,Delhivery,Data Scientist,1,15.6,10.0,20.8,16,161,1,False,False,False,2.08,False,2.833213344056216,2.8094026953624978,delhivery
3506,Abzooba India Infotech,Data Scientist,1,15.0,8.5,20.1,16,162,1,False,False,False,2.364705882352941,False,2.833213344056216,2.772588722239781,abzooba india infotech
2246,Sonata Software,Data Scientist,1,8.1,4.8,12.0,15,163,1,False,False,False,2.5,False,2.772588722239781,2.2082744135228043,sonata software
2368,Incedo,Data Scientist,1,12.2,7.0,20.0,15,164,1,False,False,False,2.857142857142857,False,2.772588722239781,2.580216829592325,incedo
5896,Go-Jek,Data Scientist,3,30.5,16.5,44.0,15,165,3,False,False,False,2.6666666666666665,False,2.772588722239781,3.449987545831587,gojek
8893,GE,Data Scientist,2,14.3,8.4,24.0,15,166,2,False,False,False,2.857142857142857,False,2.772588722239781,2.72785282839839,ge
8061,Fiserv,Data Scientist,3,12.1,8.0,17.0,15,167,3,False,False,False,2.125,False,2.772588722239781,2.5726122302071057,fiserv
1973,UBS,Data Scientist,2,15.2,10.2,22.0,15,168,2,False,False,False,2.1568627450980395,False,2.772588722239781,2.785011242238338,ubs
7863,Quantiphi Analytics Solutions,Data Scientist,0,9.8,7.0,16.0,15,169,0,False,False,False,2.2857142857142856,False,2.772588722239781,2.379546134130174,quantiphi analytics solutions
1415,Amdocs,Data Scientist,2,8.5,6.0,12.0,15,170,2,False,False,False,2.0,False,2.772588722239781,2.2512917986064953,amdocs
5973,Apple,Data Scientist,2,33.6,8.2,74.5,15,171,2,False,False,False,9.085365853658537,True,2.772588722239781,3.543853682063679,apple
7248,Oyo Rooms,Data Scientist,0,14.7,10.0,20.5,14,172,0,False,False,False,2.05,False,2.70805020110221,2.7536607123542622,oyo rooms
4274,iOPEX Technologies,Data Scientist,1,7.9,3.5,12.0,14,173,1,False,False,False,3.4285714285714284,False,2.70805020110221,2.186051276738094,iopex technologies
6032,Yash Technologies,Data Scientist,2,11.2,7.5,16.0,14,174,2,False,False,False,2.1333333333333333,False,2.70805020110221,2.501435951739211,yash technologies
5813,Franklin Templeton Investments,Data Scientist,3,27.7,15.0,45.0,14,175,3,False,False,False,3.0,False,2.70805020110221,3.3568971227655755,franklin templeton investments
8498,N+A,Data Scientist,0,8.6,2.4,15.0,14,176,0,False,False,False,6.25,True,2.70805020110221,2.2617630984737906,na
4553,ICICI Lombard General Insurance Company,Data Scientist,0,12.1,7.4,15.4,14,177,0,False,False,False,2.081081081081081,False,2.70805020110221,2.5726122302071057,icici lombard general insurance company
3091,Reserve Bank Information Technology,Data Scientist,2,15.9,8.0,23.5,14,178,2,False,False,False,2.9375,False,2.70805020110221,2.8273136219290276,reserve bank information technology
5037,o9 Solutions,Data Scientist,1,13.8,11.0,17.5,14,179,1,False,False,False,1.5909090909090908,False,2.70805020110221,2.6946271807700692,o9 solutions
8979,HTC Global Services,Data Scientist,1,6.4,3.6,10.0,13,180,1,False,False,False,2.7777777777777777,False,2.6390573296152584,2.0014800002101243,htc global services
2289,Accolite Digital,Data Scientist,0,14.5,6.0,19.5,13,181,0,False,False,False,3.25,False,2.6390573296152584,2.740840023925201,accolite digital
8250,Wipro Digital,Data Scientist,1,11.1,7.0,17.5,13,182,1,False,False,False,2.5,False,2.6390573296152584,2.4932054526026954,wipro digital
6861,CSS Corp,Data Scientist,0,10.2,7.0,14.5,13,183,0,False,False,False,2.0714285714285716,False,2.6390573296152584,2.4159137783010487,css corp
6434,Morgan Stanley,Data Scientist,2,18.1,10.5,23.6,13,184,2,False,False,False,2.2476190476190476,False,2.6390573296152584,2.9496883350525844,morgan stanley
2855,Zee Entertainment Enterprises,Data Scientist,1,16.7,13.2,23.0,13,185,1,False,False,False,1.7424242424242424,False,2.6390573296152584,2.8735646395797834,zee entertainment enterprises
6737,Ola Cabs,Data Scientist,1,21.9,13.0,30.0,13,186,1,False,False,False,2.3076923076923075,False,2.6390573296152584,3.131136910560194,ola cabs
3242,NatWest Markets,Data Scientist,1,16.0,11.0,26.0,13,187,1,False,False,False,2.3636363636363638,False,2.6390573296152584,2.833213344056216,natwest markets
7193,Myntra,Data Scientist,2,16.9,8.3,33.0,13,188,2,False,False,False,3.975903614457831,False,2.6390573296152584,2.884800712846709,myntra
4991,TCS,Business Analyst,2,6.9,3.0,12.0,4200,189,2,False,False,False,4.0,False,8.343077871169383,2.066862759472976,tcs
5052,Accenture,Business Analyst,1,7.0,2.7,14.7,1900,190,1,False,False,False,5.444444444444444,True,7.550135342488429,2.0794415416798357,accenture
4079,Genpact,Business Analyst,1,6.4,4.5,9.0,1700,191,1,False,False,False,2.0,False,7.438971592395862,2.0014800002101243,genpact
2938,Wipro,Business Analyst,2,8.6,4.2,15.5,1200,192,2,False,False,False,3.6904761904761902,False,7.0909098220799835,2.2617630984737906,wipro
8747,Cognizant,Business Analyst,1,8.6,4.5,14.0,1100,193,1,False,False,False,3.111111111111111,False,7.00397413672268,2.2617630984737906,cognizant
2705,Deloitte,Business Analyst,1,7.8,5.0,12.0,991,194,1,False,False,False,2.4,False,6.899723107284872,2.174751721484161,deloitte
5065,HCL Technologies,Business Analyst,1,6.6,2.3,14.2,714,195,1,False,False,False,6.173913043478261,True,6.5722825426940075,2.028148247292285,hcl technologies
6400,Evalueserve,Business Analyst,1,6.5,4.7,8.5,693,196,1,False,False,False,1.8085106382978722,False,6.542471960506805,2.0149030205422647,evalueserve
5084,Infosys,Business Analyst,1,8.9,4.4,16.5,692,197,1,False,False,False,3.7499999999999996,False,6.541029999189903,2.2925347571405443,infosys
3139,IBM,Business Analyst,2,8.3,4.0,16.0,662,198,2,False,False,False,4.0,False,6.4967749901858625,2.2300144001592104,ibm
3059,DXC Technology,Business Analyst,2,7.7,4.1,13.0,580,199,2,False,False,False,3.1707317073170733,False,6.364750756851911,2.163323025660538,dxc technology
7033,Tech Mahindra,Business Analyst,2,7.6,3.8,15.0,575,200,2,False,False,False,3.947368421052632,False,6.3561076606958915,2.151762203259462,tech mahindra
4422,American Express,Business Analyst,1,8.3,3.0,19.0,539,201,1,False,False,False,6.333333333333333,True,6.29156913955832,2.2300144001592104,american express
3828,Capgemini,Business Analyst,2,9.1,4.3,15.0,531,202,2,False,False,False,3.488372093023256,False,6.2766434893416445,2.312535423847214,capgemini
3430,Societe Generale,Business Analyst,3,13.5,7.6,21.0,514,203,3,False,False,False,2.763157894736842,False,6.244166900663736,2.6741486494265287,societe generale
8905,EXL Service,Business Analyst,0,6.2,4.5,8.5,476,204,0,False,False,False,1.8888888888888888,False,6.1675164908883415,1.9740810260220096,exl service
2779,Amazon,Business Analyst,2,11.3,4.8,20.0,445,205,2,False,False,False,4.166666666666667,False,6.100318952020064,2.509599262378372,amazon
1062,HSBC,Business Analyst,2,12.1,5.0,21.0,382,206,2,False,False,False,4.2,False,5.948034989180646,2.5726122302071057,hsbc
3008,ICICI Bank,Business Analyst,1,6.7,4.0,12.6,326,207,1,False,False,False,3.15,False,5.7899601708972535,2.0412203288596382,icici bank
4230,JP Morgan Chase,Business Analyst,2,12.4,5.7,21.7,323,208,2,False,False,False,3.807017543859649,False,5.780743515792329,2.5952547069568657,jp morgan chase
8110,Zomato,Business Analyst,1,10.7,8.3,12.0,274,209,1,False,False,False,1.4457831325301203,False,5.616771097666572,2.4595888418037104,zomato
2571,L&T Infotech,Business Analyst,2,9.7,4.5,16.6,271,210,2,False,False,False,3.688888888888889,False,5.605802066295998,2.3702437414678603,lt infotech
3742,Shell,Business Analyst,4,19.5,12.0,30.0,258,211,4,False,False,False,2.5,False,5.556828061699537,3.0204248861443626,shell
8882,Barclays,Business Analyst,2,12.3,5.5,19.4,255,212,2,False,False,False,3.527272727272727,False,5.545177444479562,2.5877640352277083,barclays
5353,Cgi Group,Business Analyst,2,6.9,4.7,11.0,252,213,2,False,False,False,2.3404255319148937,False,5.53338948872752,2.066862759472976,cgi group
6214,Oracle,Business Analyst,1,5.5,3.4,10.0,243,214,1,False,False,False,2.9411764705882355,False,5.497168225293202,1.8718021769015913,oracle
2810,Amdocs,Business Analyst,4,12.1,6.8,20.0,236,215,4,False,False,False,2.9411764705882355,False,5.4680601411351315,2.5726122302071057,amdocs
6444,Conduent,Business Analyst,2,6.1,4.0,9.4,225,216,2,False,False,False,2.35,False,5.420534999272286,1.9600947840472698,conduent
4340,Fidelity National Information Services,Business Analyst,3,10.8,5.8,18.0,214,217,3,False,False,False,3.103448275862069,False,5.3706380281276624,2.468099531471619,fidelity national information services
8629,HDFC Bank,Business Analyst,2,7.9,4.1,12.0,208,218,2,False,False,False,2.9268292682926833,False,5.342334251964811,2.186051276738094,hdfc bank
8282,Novo Nordisk,Business Analyst,4,11.5,8.0,15.2,207,219,4,False,False,False,1.9,False,5.337538079701318,2.5257286443082556,novo nordisk
5935,Axis Bank,Business Analyst,1,9.7,4.2,15.0,199,220,1,False,False,False,3.571428571428571,False,5.298317366548036,2.3702437414678603,axis bank
6202,Ernst & Young,Business Analyst,1,8.8,4.0,20.0,198,221,1,False,False,False,5.0,False,5.293304824724492,2.2823823856765264,ernst young
3346,Credit Suisse,Business Analyst,2,15.2,10.0,23.0,179,222,2,False,False,False,2.3,False,5.19295685089021,2.785011242238338,credit suisse
5309,Hewlett-Packard Enterprise,Business Analyst,2,6.7,3.6,11.5,175,223,2,False,False,False,3.194444444444444,False,5.170483995038151,2.0412203288596382,hewlettpackard enterprise
4779,CG Foods,Business Analyst,0,4.8,2.0,10.0,175,224,0,False,False,False,5.0,False,5.170483995038151,1.7578579175523736,cg foods
1279,Quantiphi Analytics Solutions,Business Analyst,0,8.9,6.5,13.0,167,225,0,False,False,False,2.0,False,5.123963979403259,2.2925347571405443,quantiphi analytics solutions
8859,NetCracker,Business Analyst,5,18.7,12.0,28.0,159,226,5+,False,False,False,2.3333333333333335,False,5.075173815233827,2.9806186357439426,netcracker
7549,Oyo Rooms,Business Analyst,0,10.2,6.0,14.0,153,227,0,False,False,False,2.3333333333333335,False,5.0369526024136295,2.4159137783010487,oyo rooms
1356,VMware Software,Business Analyst,3,9.8,6.0,15.0,153,228,3,False,False,False,2.5,False,5.0369526024136295,2.379546134130174,vmware software
8080,Mphasis,Business Analyst,1,10.0,3.5,19.0,151,229,1,False,False,False,5.428571428571429,True,5.0238805208462765,2.3978952727983707,mphasis
1024,Exl India,Business Analyst,0,6.3,4.5,8.6,147,230,0,False,False,False,1.911111111111111,False,4.997212273764115,1.9878743481543455,exl india
1469,Mindtree,Business Analyst,2,9.5,5.5,15.0,144,231,2,False,False,False,2.727272727272727,False,4.976733742420574,2.3513752571634776,mindtree
6070,Newgen Software Technologies,Business Analyst,2,9.3,7.0,11.5,138,232,2,False,False,False,1.6428571428571428,False,4.9344739331306915,2.33214389523559,newgen software technologies
7204,NTT DATA,Business Analyst,2,7.3,4.5,14.0,133,233,2,False,False,False,3.111111111111111,False,4.897839799950911,2.1162555148025524,ntt data
2033,Hexaware Technologies,Business Analyst,2,10.0,4.2,16.8,131,234,2,False,False,False,4.0,False,4.882801922586371,2.3978952727983707,hexaware technologies
3208,Temenos,Business Analyst,2,8.8,5.6,12.2,128,235,2,False,False,False,2.1785714285714284,False,4.859812404361672,2.2823823856765264,temenos
8095,Wells Fargo India,Business Analyst,3,12.0,6.2,20.8,128,236,3,False,False,False,3.3548387096774195,False,4.859812404361672,2.5649493574615367,wells fargo india
7113,Barclays Shared Services,Business Analyst,1,8.3,3.8,14.2,127,237,1,False,False,False,3.736842105263158,False,4.852030263919617,2.2300144001592104,barclays shared services
6065,Bridgei2i Analytics Solutions,Business Analyst,0,6.0,5.0,8.0,124,238,0,False,False,False,1.6,False,4.8283137373023015,1.9459101490553132,bridgei2i analytics solutions
4560,Tata Technologies,Business Analyst,3,6.4,4.3,8.9,119,239,3,False,False,False,2.0697674418604652,False,4.787491742782046,2.0014800002101243,tata technologies
4770,Standard Chartered Bank,Business Analyst,2,12.0,6.0,20.0,117,240,2,False,False,False,3.3333333333333335,False,4.770684624465665,2.5649493574615367,standard chartered bank
6767,Mu Sigma,Business Analyst,1,6.9,5.5,9.0,116,241,1,False,False,False,1.6363636363636365,False,4.762173934797756,2.066862759472976,mu sigma
1792,Virtusa Consulting Services,Business Analyst,2,10.6,5.0,18.5,111,242,2,False,False,False,3.7,False,4.718498871295094,2.451005098112319,virtusa consulting services
7720,Allianz Technology,Business Analyst,3,8.2,5.1,12.0,110,243,3,False,False,False,2.3529411764705883,False,4.709530201312334,2.2192034840549946,allianz technology
8920,Kotak Mahindra Bank,Business Analyst,1,7.5,3.0,15.5,106,244,1,False,False,False,5.166666666666667,True,4.672828834461906,2.1400661634962708,kotak mahindra bank
4868,Citicorp,Business Analyst,2,15.6,7.8,21.3,106,245,2,False,False,False,2.730769230769231,False,4.672828834461906,2.8094026953624978,citicorp
6540,BNP Paribas,Business Analyst,3,10.7,6.7,16.3,105,246,3,False,False,False,2.4328358208955225,False,4.663439094112067,2.4595888418037104,bnp paribas
5094,UST,Business Analyst,3,11.1,5.5,17.5,103,247,3,False,False,False,3.1818181818181817,False,4.6443908991413725,2.4932054526026954,ust
2991,Flipkart,Business Analyst,1,12.3,4.7,18.9,103,248,1,False,False,False,4.0212765957446805,False,4.6443908991413725,2.5877640352277083,flipkart
2187,Barclays Global Service Centre,Business Analyst,1,11.7,4.5,21.6,102,249,1,False,False,False,4.800000000000001,False,4.634728988229636,2.5416019934645457,barclays global service centre
1495,BNY Mellon,Business Analyst,3,8.5,4.5,17.5,101,250,3,False,False,False,3.888888888888889,False,4.624972813284271,2.2512917986064953,bny mellon
4249,Optum,Business Analyst,2,8.6,4.8,17.1,100,251,2,False,False,False,3.5625000000000004,False,4.61512051684126,2.2617630984737906,optum
1651,Ola Cabs,Business Analyst,0,11.3,7.7,15.0,99,252,0,False,False,False,1.948051948051948,False,4.605170185988092,2.509599262378372,ola cabs
5470,UBS,Business Analyst,2,14.5,7.5,23.5,97,253,2,False,False,False,3.1333333333333333,False,4.584967478670572,2.740840023925201,ubs
6625,Odessa,Business Analyst,1,11.0,8.4,13.0,96,254,1,False,False,False,1.5476190476190474,False,4.574710978503383,2.4849066497880004,odessa
3764,bnp paribas india solutions,Business Analyst,3,10.2,6.5,15.0,96,255,3,False,False,False,2.3076923076923075,False,4.574710978503383,2.4159137783010487,bnp paribas india solutions
4233,UnitedHealth,Business Analyst,2,8.3,5.0,13.0,95,256,2,False,False,False,2.6,False,4.564348191467836,2.2300144001592104,unitedhealth
4270,HCL Technologies BPO Services,Business Analyst,1,2.3,1.6,4.0,95,257,1,False,False,False,2.5,False,4.564348191467836,1.1939224684724346,hcl technologies bpo services
5516,Ramco Systems,Business Analyst,1,7.6,4.5,10.5,94,258,1,False,False,False,2.3333333333333335,False,4.553876891600541,2.151762203259462,ramco systems
3290,Tredence,Business Analyst,0,6.9,6.1,8.5,92,259,0,False,False,False,1.3934426229508197,False,4.532599493153256,2.066862759472976,tredence
4802,Novartis Healthcare,Business Analyst,1,10.0,7.0,14.2,92,260,1,False,False,False,2.0285714285714285,False,4.532599493153256,2.3978952727983707,novartis healthcare
1167,Atos Syntel,Business Analyst,2,7.6,4.0,13.0,92,261,2,False,False,False,3.25,False,4.532599493153256,2.151762203259462,atos syntel
2387,Cisco Systems,Business Analyst,2,12.5,6.0,20.5,90,262,2,False,False,False,3.4166666666666665,False,4.51085950651685,2.6026896854443837,cisco systems
6351,ITC Infotech India,Business Analyst,1,7.8,4.5,14.0,90,263,1,False,False,False,3.111111111111111,False,4.51085950651685,2.174751721484161,itc infotech india
5121,Deutsche Bank,Business Analyst,2,9.1,3.3,19.0,89,264,2,False,False,False,5.757575757575758,True,4.499809670330265,2.312535423847214,deutsche bank
8507,Dell,Business Analyst,2,7.0,4.6,10.2,89,265,2,False,False,False,2.217391304347826,False,4.499809670330265,2.0794415416798357,dell
5516,Paytm,Business Analyst,1,7.7,3.9,15.0,89,266,1,False,False,False,3.8461538461538463,False,4.499809670330265,2.163323025660538,paytm
1192,3i Infotech,Business Analyst,1,6.1,3.9,8.8,88,267,1,False,False,False,2.256410256410257,False,4.48863636973214,1.9600947840472698,3i infotech
1140,KPMG,Business Analyst,1,8.2,3.6,16.0,87,268,1,False,False,False,4.444444444444445,False,4.477336814478207,2.2192034840549946,kpmg
6905,Fiserv,Business Analyst,3,11.6,7.0,20.0,86,269,3,False,False,False,2.857142857142857,False,4.465908118654584,2.533696813957432,fiserv
5289,Zensar Technologies,Business Analyst,2,6.7,4.1,14.5,85,270,2,False,False,False,3.536585365853659,False,4.454347296253507,2.0412203288596382,zensar technologies
6445,Legato Health Technologies,Business Analyst,3,8.0,5.0,14.0,85,271,3,False,False,False,2.8,False,4.454347296253507,2.1972245773362196,legato health technologies
5643,Swiggy,Business Analyst,1,13.2,8.0,16.5,85,272,1,False,False,False,2.0625,False,4.454347296253507,2.653241964607215,swiggy
2750,GEP Worldwide,Business Analyst,0,6.4,5.0,8.5,84,273,0,False,False,False,1.7,False,4.442651256490317,2.0014800002101243,gep worldwide
3854,Intellect Design Arena,Business Analyst,2,11.2,5.8,16.7,83,274,2,False,False,False,2.8793103448275863,False,4.430816798843313,2.501435951739211,intellect design arena
8135,Standard Chartered Global Business Services,Business Analyst,2,12.7,5.6,23.2,81,275,2,False,False,False,4.142857142857143,False,4.406719247264253,2.617395832834079,standard chartered global business services
8247,ZS,Business Analyst,1,9.6,7.0,12.8,80,276,1,False,False,False,1.8285714285714287,False,4.394449154672439,2.3608540011180215,zs
8221,Concentrix Corporation,Business Analyst,1,5.4,2.8,12.0,80,277,1,False,False,False,4.285714285714286,False,4.394449154672439,1.8562979903656263,concentrix corporation
1921,Reliance jio,Business Analyst,1,6.8,3.6,15.0,79,278,1,False,False,False,4.166666666666667,False,4.382026634673881,2.0541237336955462,reliance jio
3848,NatWest Group,Business Analyst,2,9.5,3.5,18.8,79,279,2,False,False,False,5.371428571428572,True,4.382026634673881,2.3513752571634776,natwest group
2691,IQVIA,Business Analyst,1,8.3,4.5,16.7,78,280,1,False,False,False,3.711111111111111,False,4.3694478524670215,2.2300144001592104,iqvia
4898,PwC,Business Analyst,1,9.9,4.5,17.5,77,281,1,False,False,False,3.888888888888889,False,4.356708826689592,2.388762789235098,pwc
5810,ValueMomentum,Business Analyst,1,6.1,3.8,9.5,75,282,1,False,False,False,2.5,False,4.330733340286331,1.9600947840472698,valuemomentum
8392,ADP Solutions,Business Analyst,3,8.2,5.3,15.1,74,283,3,False,False,False,2.849056603773585,False,4.31748811353631,2.2192034840549946,adp solutions
8346,Provana,Business Analyst,1,4.8,3.5,6.5,73,284,1,False,False,False,1.8571428571428572,False,4.30406509320417,1.7578579175523736,provana
7378,ANR Software,Business Analyst,1,4.5,3.1,7.0,71,285,1,False,False,False,2.258064516129032,False,4.276666119016055,1.7047480922384253,anr software
5916,WNS,Business Analyst,1,6.8,3.8,12.0,69,286,1,False,False,False,3.1578947368421053,False,4.248495242049359,2.0541237336955462,wns
4347,Oracle Financial Services Software,Business Analyst,3,10.2,5.6,16.5,69,287,3,False,False,False,2.9464285714285716,False,4.248495242049359,2.4159137783010487,oracle financial services software
2581,RevGurus Info India,Business Analyst,0,8.3,5.8,11.0,68,288,0,False,False,False,1.896551724137931,False,4.23410650459726,2.2300144001592104,revgurus info india
5789,Sapiens,Business Analyst,2,12.5,8.0,16.7,67,289,2,False,False,False,2.0875,False,4.219507705176107,2.6026896854443837,sapiens
4982,Etech Global Services,Business Analyst,1,6.4,4.4,8.4,67,290,1,False,False,False,1.909090909090909,False,4.219507705176107,2.0014800002101243,etech global services
4049,Citibank,Business Analyst,2,16.7,8.0,24.3,66,291,2,False,False,False,3.0375,False,4.204692619390966,2.8735646395797834,citibank
6179,Coforge,Business Analyst,5,16.1,8.3,24.0,66,292,5+,False,False,False,2.8915662650602405,False,4.204692619390966,2.8390784635086144,coforge
6543,ABC,Business Analyst,3,13.6,5.2,25.0,63,293,3,False,False,False,4.8076923076923075,False,4.1588830833596715,2.681021528714291,abc
6658,Merkle Sokrati,Business Analyst,0,4.5,4.2,5.0,61,294,0,False,False,False,1.1904761904761905,False,4.127134385045092,1.7047480922384253,merkle sokrati
7891,First Source,Business Analyst,1,4.4,2.7,7.0,60,295,1,False,False,False,2.5925925925925926,False,4.110873864173311,1.6863989535702288,first source
3364,Meesho,Business Analyst,0,14.0,8.5,18.0,60,296,0,False,False,False,2.1176470588235294,False,4.110873864173311,2.70805020110221,meesho
3070,Ebix Software India,Business Analyst,2,7.0,4.5,11.5,60,297,2,False,False,False,2.5555555555555554,False,4.110873864173311,2.0794415416798357,ebix software india
3864,Indus Valley Partners,Business Analyst,1,17.0,14.0,20.0,60,298,1,False,False,False,1.4285714285714286,False,4.110873864173311,2.8903717578961645,indus valley partners
7264,Schlumberger,Business Analyst,3,14.5,9.0,21.0,59,299,3,False,False,False,2.3333333333333335,False,4.0943445622221,2.740840023925201,schlumberger
5586,Capita,Business Analyst,1,5.9,2.3,13.0,58,300,1,False,False,False,5.6521739130434785,True,4.07753744390572,1.9315214116032138,capita
4648,CRMnext,Business Analyst,1,6.6,5.0,8.0,58,301,1,False,False,False,1.6,False,4.07753744390572,2.028148247292285,crmnext
1910,NeoSoft Technologies,Business Analyst,1,6.9,3.1,10.0,57,302,1,False,False,False,3.225806451612903,False,4.060443010546419,2.066862759472976,neosoft technologies
4406,NSE.IT,Business Analyst,1,6.8,3.5,12.5,56,303,1,False,False,False,3.5714285714285716,False,4.04305126783455,2.0541237336955462,nseit
8516,Nokia,Business Analyst,2,9.3,5.5,16.6,56,304,2,False,False,False,3.0181818181818185,False,4.04305126783455,2.33214389523559,nokia
8166,Capco Technologies,Business Analyst,3,13.9,6.0,22.0,56,305,3,False,False,False,3.6666666666666665,False,4.04305126783455,2.7013612129514133,capco technologies
6012,eClerx,Business Analyst,1,3.7,2.3,9.3,55,306,1,False,False,False,4.043478260869565,False,4.02535169073515,1.547562508716013,eclerx
7955,Affine Analytics,Business Analyst,0,6.8,6.0,8.3,55,307,0,False,False,False,1.3833333333333335,False,4.02535169073515,2.0541237336955462,affine analytics
6869,Exela Technologies,Business Analyst,3,8.3,5.1,12.0,54,308,3,False,False,False,2.3529411764705883,False,4.007333185232471,2.2300144001592104,exela technologies
8158,Analytics Quotient,Business Analyst,1,5.3,4.0,6.8,53,309,1,False,False,False,1.7,False,3.9889840465642745,1.840549633397487,analytics quotient
6463,NIIT Technologies,Business Analyst,3,11.1,7.0,17.8,53,310,3,False,False,False,2.542857142857143,False,3.9889840465642745,2.4932054526026954,niit technologies
6317,QualityKiosk Technologies,Business Analyst,2,7.7,3.6,13.0,53,311,2,False,False,False,3.611111111111111,False,3.9889840465642745,2.163323025660538,qualitykiosk technologies
3504,Fidelity Investment,Business Analyst,2,9.9,6.8,16.0,53,312,2,False,False,False,2.3529411764705883,False,3.9889840465642745,2.388762789235098,fidelity investment
8269,Altisource,Business Analyst,2,5.5,3.3,9.0,52,313,2,False,False,False,2.7272727272727275,False,3.970291913552122,1.8718021769015913,altisource
6308,Polestar Solutions & Services India,Business Analyst,0,6.1,4.2,8.8,52,314,0,False,False,False,2.0952380952380953,False,3.970291913552122,1.9600947840472698,polestar solutions services india
1955,Veeraraghavan & Company,Business Analyst,0,1.7,1.2,2.3,52,315,0,False,False,False,1.9166666666666665,False,3.970291913552122,0.9932517730102833,veeraraghavan company
1490,Verizon,Business Analyst,3,10.5,6.3,16.3,51,316,3,False,False,False,2.5873015873015874,False,3.9512437185814275,2.4423470353692043,verizon
3225,BYJU'S,Business Analyst,1,7.7,4.0,13.0,51,317,1,False,False,False,3.25,False,3.9512437185814275,2.163323025660538,byjus
8151,Bank of America,Business Analyst,3,14.1,8.1,21.5,51,318,3,False,False,False,2.6543209876543212,False,3.9512437185814275,2.714694743820879,bank of america
4840,Better.com,Business Analyst,1,7.8,6.0,11.2,51,319,1,False,False,False,1.8666666666666665,False,3.9512437185814275,2.174751721484161,bettercom
2920,KJ System,Business Analyst,1,2.9,2.4,3.6,50,320,1,False,False,False,1.5,False,3.9318256327243257,1.3609765531356006,kj system
3477,ValueLabs,Business Analyst,4,11.3,6.1,18.5,50,321,4,False,False,False,3.0327868852459017,False,3.9318256327243257,2.509599262378372,valuelabs
7643,Xyz Company,Business Analyst,3,12.3,4.4,23.0,50,322,3,False,False,False,5.227272727272727,True,3.9318256327243257,2.5877640352277083,xyz company
6286,IndusInd Bank,Business Analyst,2,8.0,4.0,14.3,49,323,2,False,False,False,3.575,False,3.912023005428146,2.1972245773362196,indusind bank
3570,Vinculum Solutions,Business Analyst,1,8.8,6.0,13.0,49,324,1,False,False,False,2.1666666666666665,False,3.912023005428146,2.2823823856765264,vinculum solutions
6981,Confidential,Business Analyst,1,8.3,4.2,16.0,49,325,1,False,False,False,3.8095238095238093,False,3.912023005428146,2.2300144001592104,confidential
7654,Infosys BPM,Business Analyst,0,6.0,2.5,13.0,49,326,0,False,False,False,5.2,True,3.912023005428146,1.9459101490553132,infosys bpm
2332,General Mills,Business Analyst,2,9.7,7.0,12.0,48,327,2,False,False,False,1.7142857142857142,False,3.8918202981106265,2.3702437414678603,general mills
6733,Yash Technologies,Business Analyst,4,8.9,6.1,12.3,48,328,4,False,False,False,2.016393442622951,False,3.8918202981106265,2.2925347571405443,yash technologies
8293,Shipco Transport,Business Analyst,1,3.4,2.1,5.0,48,329,1,False,False,False,2.380952380952381,False,3.8918202981106265,1.4816045409242156,shipco transport
4542,Aon,Business Analyst,2,5.4,3.5,9.6,48,330,2,False,False,False,2.742857142857143,False,3.8918202981106265,1.8562979903656263,aon
3305,Persistent Systems,Business Analyst,4,12.5,8.5,18.4,48,331,4,False,False,False,2.164705882352941,False,3.8918202981106265,2.6026896854443837,persistent systems
5723,Unisys,Business Analyst,2,7.7,4.0,12.0,48,332,2,False,False,False,3.0,False,3.8918202981106265,2.163323025660538,unisys
8884,Azentio,Business Analyst,0,7.1,4.3,11.0,47,333,0,False,False,False,2.558139534883721,False,3.871201010907891,2.0918640616783932,azentio
5848,Synechron,Business Analyst,4,16.4,9.9,22.0,46,334,4,False,False,False,2.2222222222222223,False,3.8501476017100584,2.856470206220483,synechron
5704,Ford Motor,Business Analyst,2,8.1,2.9,14.0,46,335,2,False,False,False,4.827586206896552,False,3.8501476017100584,2.2082744135228043,ford motor
6202,Birlasoft,Business Analyst,2,8.5,4.5,15.0,45,336,2,False,False,False,3.3333333333333335,False,3.828641396489095,2.2512917986064953,birlasoft
5757,Cybage,Business Analyst,5,14.6,10.1,20.0,45,337,5+,False,False,False,1.9801980198019802,False,3.828641396489095,2.747270914255491,cybage
7343,Lentra AI,Business Analyst,1,6.8,4.1,11.0,45,338,1,False,False,False,2.682926829268293,False,3.828641396489095,2.0541237336955462,lentra ai
5725,N+A,Business Analyst,1,6.3,2.5,11.0,44,339,1,False,False,False,4.4,False,3.8066624897703196,1.9878743481543455,na
5330,IVY Comptech,Business Analyst,4,14.6,8.5,20.0,44,340,4,False,False,False,2.3529411764705883,False,3.8066624897703196,2.747270914255491,ivy comptech
6304,S&P Global,Business Analyst,3,11.1,7.5,17.0,44,341,3,False,False,False,2.2666666666666666,False,3.8066624897703196,2.4932054526026954,sp global
8355,Gartner,Business Analyst,1,14.2,10.0,19.0,44,342,1,False,False,False,1.9,False,3.8066624897703196,2.7212954278522306,gartner
5784,Acidaes Solutions,Business Analyst,2,7.0,5.0,10.0,43,343,2,False,False,False,2.0,False,3.784189633918261,2.0794415416798357,acidaes solutions
1805,Udaan,Business Analyst,1,11.6,4.8,18.0,43,344,1,False,False,False,3.75,False,3.784189633918261,2.533696813957432,udaan
5597,Reliance Industries,Business Analyst,2,8.1,4.9,14.4,43,345,2,False,False,False,2.9387755102040813,False,3.784189633918261,2.2082744135228043,reliance industries
6864,Dell EMC,Business Analyst,2,6.6,3.8,10.1,43,346,2,False,False,False,2.6578947368421053,False,3.784189633918261,2.028148247292285,dell emc
1260,GlobalLogic,Business Analyst,2,9.0,2.5,20.0,43,347,2,False,False,False,8.0,True,3.784189633918261,2.302585092994046,globallogic
4239,eClinicalWorks,Business Analyst,2,5.3,3.8,8.3,43,348,2,False,False,False,2.18421052631579,False,3.784189633918261,1.840549633397487,eclinicalworks
8383,ThoughtWorks,Business Analyst,2,14.7,8.5,26.0,43,349,2,False,False,False,3.0588235294117645,False,3.784189633918261,2.7536607123542622,thoughtworks
8983,Landmark Group,Business Analyst,2,11.6,7.5,15.0,43,350,2,False,False,False,2.0,False,3.784189633918261,2.533696813957432,landmark group
5379,Merilytics,Business Analyst,0,7.0,5.5,8.0,42,351,0,False,False,False,1.4545454545454546,False,3.7612001156935624,2.0794415416798357,merilytics
2570,Care Health Insurance,Business Analyst,0,5.9,3.3,8.4,42,352,0,False,False,False,2.545454545454546,False,3.7612001156935624,1.9315214116032138,care health insurance
8704,Epsilon,Business Analyst,2,9.7,6.0,16.5,41,353,2,False,False,False,2.75,False,3.7376696182833684,2.3702437414678603,epsilon
8052,Gartner India Research and Advisory Services,Business Analyst,2,15.4,10.0,20.0,41,354,2,False,False,False,2.0,False,3.7376696182833684,2.797281334830153,gartner india research and advisory services
4612,Globant,Business Analyst,3,13.3,9.0,20.9,41,355,3,False,False,False,2.322222222222222,False,3.7376696182833684,2.6602595372658615,globant
8989,Franklin Templeton Investments,Business Analyst,4,8.2,4.7,12.5,40,356,4,False,False,False,2.6595744680851063,False,3.713572066704308,2.2192034840549946,franklin templeton investments
7073,Atidiv,Business Analyst,1,3.0,2.2,4.0,40,357,1,False,False,False,1.8181818181818181,False,3.713572066704308,1.3862943611198906,atidiv
2955,Maersk,Business Analyst,4,8.9,5.0,16.0,40,358,4,False,False,False,3.2,False,3.713572066704308,2.2925347571405443,maersk
5049,Pboplus Consulting Services,Business Analyst,0,4.0,3.0,5.2,40,359,0,False,False,False,1.7333333333333334,False,3.713572066704308,1.6094379124341003,pboplus consulting services
3691,Reliance Retail,Business Analyst,1,7.0,3.5,13.0,40,360,1,False,False,False,3.7142857142857144,False,3.713572066704308,2.0794415416798357,reliance retail
5111,Larsen & Toubro Limited,Business Analyst,0,8.5,3.8,14.0,40,361,0,False,False,False,3.68421052631579,False,3.713572066704308,2.2512917986064953,larsen toubro limited
8570,TEKsystems,Business Analyst,3,12.0,7.1,18.5,40,362,3,False,False,False,2.6056338028169015,False,3.713572066704308,2.5649493574615367,teksystems
5275,Hindustan Unilever,Business Analyst,2,7.1,3.4,10.7,39,363,2,False,False,False,3.1470588235294117,False,3.6888794541139363,2.0918640616783932,hindustan unilever
7690,Tata Communications,Business Analyst,1,5.0,2.9,9.2,39,364,1,False,False,False,3.172413793103448,False,3.6888794541139363,1.791759469228055,tata communications
5978,Ameriprise Financial,Business Analyst,1,5.9,3.9,9.3,39,365,1,False,False,False,2.384615384615385,False,3.6888794541139363,1.9315214116032138,ameriprise financial
5323,Goldman Sachs,Business Analyst,0,14.9,6.5,30.0,39,366,0,False,False,False,4.615384615384615,False,3.6888794541139363,2.766319109226186,goldman sachs
5204,Factspan Analytics,Business Analyst,1,8.1,6.5,10.0,39,367,1,False,False,False,1.5384615384615385,False,3.6888794541139363,2.2082744135228043,factspan analytics
6064,MSC Technology India,Business Analyst,1,4.3,2.9,5.7,39,368,1,False,False,False,1.9655172413793105,False,3.6888794541139363,1.667706820558076,msc technology india
3744,Simplify Healthcare,Business Analyst,1,5.8,4.0,9.5,39,369,1,False,False,False,2.375,False,3.6888794541139363,1.916922612182061,simplify healthcare
6436,CMS Computers Limited (INDIA),Business Analyst,1,4.0,2.6,6.0,39,370,1,False,False,False,2.3076923076923075,False,3.6888794541139363,1.6094379124341003,cms computers limited india
1909,Fluentgrid,Business Analyst,2,5.5,3.2,8.8,38,371,2,False,False,False,2.75,False,3.6635616461296463,1.8718021769015913,fluentgrid
6352,Bajaj Finserv,Business Analyst,1,9.0,3.8,13.0,38,372,1,False,False,False,3.4210526315789473,False,3.6635616461296463,2.302585092994046,bajaj finserv
7099,Ericsson,Business Analyst,3,9.7,5.1,16.0,38,373,3,False,False,False,3.1372549019607847,False,3.6635616461296463,2.3702437414678603,ericsson
4181,Sonata Software,Business Analyst,1,7.8,5.0,11.5,37,374,1,False,False,False,2.3,False,3.6375861597263857,2.174751721484161,sonata software
8230,CitiusTech,Business Analyst,2,9.0,6.4,12.1,37,375,2,False,False,False,1.8906249999999998,False,3.6375861597263857,2.302585092994046,citiustech
7723,R1 RCM,Business Analyst,1,3.8,2.7,6.7,37,376,1,False,False,False,2.4814814814814814,False,3.6375861597263857,1.5686159179138452,r1 rcm
1525,TCS,Data Analyst,1,4.7,2.4,8.9,1600,377,1,False,False,False,3.7083333333333335,False,7.3783837129967145,1.7404661748405046,tcs
5783,Cognizant,Data Analyst,1,5.5,2.9,8.3,1200,378,1,False,False,False,2.8620689655172415,False,7.0909098220799835,1.8718021769015913,cognizant
3384,Accenture,Data Analyst,1,5.2,2.3,11.0,1100,379,1,False,False,False,4.782608695652175,False,7.00397413672268,1.824549292051046,accenture
3229,Capgemini,Data Analyst,0,4.6,3.0,9.0,485,380,0,False,False,False,3.0,False,6.186208623900494,1.7227665977411035,capgemini
3865,Wipro,Data Analyst,1,4.8,2.2,9.0,475,381,1,False,False,False,4.090909090909091,False,6.16541785423142,1.7578579175523736,wipro
4313,GlobalLogic,Data Analyst,1,2.5,2.0,3.5,415,382,1,False,False,False,1.75,False,6.030685260261263,1.252762968495368,globallogic
7435,Tech Mahindra,Data Analyst,1,4.6,2.2,7.5,397,383,1,False,False,False,3.4090909090909087,False,5.986452005284438,1.7227665977411035,tech mahindra
7620,Amazon,Data Analyst,1,5.2,2.5,15.3,380,384,1,False,False,False,6.12,True,5.942799375126701,1.824549292051046,amazon
5722,Infosys,Data Analyst,1,5.7,3.4,12.0,323,385,1,False,False,False,3.5294117647058822,False,5.780743515792329,1.9021075263969205,infosys
4754,HCL Technologies,Data Analyst,1,4.5,2.4,9.5,320,386,1,False,False,False,3.9583333333333335,False,5.771441123130016,1.7047480922384253,hcl technologies
8750,eClerx,Data Analyst,0,2.5,2.0,3.9,302,387,0,False,False,False,1.95,False,5.713732805509369,1.252762968495368,eclerx
5265,IBM,Data Analyst,2,7.6,4.0,15.5,297,388,2,False,False,False,3.875,False,5.697093486505405,2.151762203259462,ibm
1932,Ernst & Young,Data Analyst,1,5.8,3.4,10.5,297,389,1,False,False,False,3.088235294117647,False,5.697093486505405,1.916922612182061,ernst young
7089,Flipkart,Data Analyst,1,5.9,3.2,12.0,241,390,1,False,False,False,3.75,False,5.488937726156687,1.9315214116032138,flipkart
1715,Genpact,Data Analyst,1,4.7,2.5,9.0,228,391,1,False,False,False,3.6,False,5.43372200355424,1.7404661748405046,genpact
7423,Optum,Data Analyst,2,12.8,6.0,19.0,219,392,2,False,False,False,3.1666666666666665,False,5.393627546352362,2.624668592163159,optum
5924,Concentrix Corporation,Data Analyst,1,3.9,2.4,6.3,209,393,1,False,False,False,2.625,False,5.3471075307174685,1.589235205116581,concentrix corporation
1495,Deloitte,Data Analyst,1,7.6,4.3,13.0,202,394,1,False,False,False,3.0232558139534884,False,5.313205979041787,2.151762203259462,deloitte
7677,Zen3 Info Solutions,Data Analyst,1,3.1,2.2,4.2,188,395,1,False,False,False,1.909090909090909,False,5.241747015059643,1.410986973710262,zen3 info solutions
7125,Unilog Content Solutions ( P),Data Analyst,1,2.5,2.0,3.2,181,396,1,False,False,False,1.6,False,5.204006687076795,1.252762968495368,unilog content solutions p
4866,Cogencis Information Services,Data Analyst,1,1.7,1.2,2.6,175,397,1,False,False,False,2.166666666666667,False,5.170483995038151,0.9932517730102833,cogencis information services
5305,UnitedHealth,Data Analyst,2,10.7,3.3,18.0,171,398,2,False,False,False,5.454545454545455,True,5.147494476813453,2.4595888418037104,unitedhealth
4292,Qualsquad Infotech,Data Analyst,0,2.0,1.1,3.0,149,399,0,False,False,False,2.727272727272727,False,5.0106352940962555,1.0986122886681098,qualsquad infotech
2746,NTT DATA,Data Analyst,1,4.3,2.1,8.0,138,400,1,False,False,False,3.8095238095238093,False,4.9344739331306915,1.667706820558076,ntt data
7855,InnovAccer,Data Analyst,0,9.2,5.0,13.0,137,401,0,False,False,False,2.6,False,4.927253685157205,2.322387720290225,innovaccer
8565,Teleperformance,Data Analyst,1,2.4,1.8,4.4,132,402,1,False,False,False,2.4444444444444446,False,4.890349128221754,1.2237754316221157,teleperformance
1372,Mindtree,Data Analyst,1,5.6,4.0,9.6,132,403,1,False,False,False,2.4,False,4.890349128221754,1.8870696490323797,mindtree
4169,Ericsson,Data Analyst,2,5.8,4.0,10.0,126,404,2,False,False,False,2.5,False,4.844187086458591,1.916922612182061,ericsson
8066,Apex CoVantage,Data Analyst,0,1.8,1.1,3.0,123,405,0,False,False,False,2.727272727272727,False,4.820281565605037,1.0296194171811581,apex covantage
8119,Tiger Analytics,Data Analyst,0,8.8,7.5,12.0,120,406,0,False,False,False,1.6,False,4.795790545596741,2.2823823856765264,tiger analytics
6492,Cyient,Data Analyst,1,3.4,1.8,6.7,119,407,1,False,False,False,3.7222222222222223,False,4.787491742782046,1.4816045409242156,cyient
6332,Urjanet Energy Solutions,Data Analyst,1,2.7,2.0,4.2,118,408,1,False,False,False,2.1,False,4.77912349311153,1.308332819650179,urjanet energy solutions
8641,HSBC,Data Analyst,1,8.0,3.4,12.4,117,409,1,False,False,False,3.647058823529412,False,4.770684624465665,2.1972245773362196,hsbc
4076,DXC Technology,Data Analyst,1,5.4,3.7,10.2,109,410,1,False,False,False,2.7567567567567566,False,4.700480365792417,1.8562979903656263,dxc technology
8361,QUADRANT RESOURCE LLC,Data Analyst,1,3.0,1.5,4.0,109,411,1,False,False,False,2.6666666666666665,False,4.700480365792417,1.3862943611198906,quadrant resource llc
4918,PwC,Data Analyst,0,6.3,3.2,12.0,108,412,0,False,False,False,3.75,False,4.6913478822291435,1.9878743481543455,pwc
2323,LatentView Analytics,Data Analyst,0,6.3,5.0,9.0,104,413,0,False,False,False,1.8,False,4.653960350157523,1.9878743481543455,latentview analytics
7136,EXL Service,Data Analyst,1,5.0,2.2,9.1,102,414,1,False,False,False,4.136363636363636,False,4.634728988229636,1.791759469228055,exl service
1520,KPMG,Data Analyst,1,6.7,3.0,12.0,100,415,1,False,False,False,4.0,False,4.61512051684126,2.0412203288596382,kpmg
3875,WNS,Data Analyst,1,5.2,2.0,8.9,98,416,1,False,False,False,4.45,False,4.59511985013459,1.824549292051046,wns
7181,Myntra,Data Analyst,1,9.6,4.8,14.0,98,417,1,False,False,False,2.916666666666667,False,4.59511985013459,2.3608540011180215,myntra
7233,IQVIA,Data Analyst,1,7.3,4.1,12.0,96,418,1,False,False,False,2.9268292682926833,False,4.574710978503383,2.1162555148025524,iqvia
4383,Ugam Solution,Data Analyst,0,4.6,1.8,8.0,92,419,0,False,False,False,4.444444444444445,False,4.532599493153256,1.7227665977411035,ugam solution
6109,Bharti Airtel,Data Analyst,1,4.6,2.6,11.0,90,420,1,False,False,False,4.230769230769231,False,4.51085950651685,1.7227665977411035,bharti airtel
6498,ICICI Bank,Data Analyst,1,4.9,2.5,10.0,82,421,1,False,False,False,4.0,False,4.418840607796598,1.7749523509116738,icici bank
8086,Walmart,Data Analyst,1,13.9,3.8,30.0,81,422,1,False,False,False,7.894736842105264,True,4.406719247264253,2.7013612129514133,walmart
1929,JP Morgan Chase,Data Analyst,2,10.0,4.1,20.0,81,423,2,False,False,False,4.878048780487806,False,4.406719247264253,2.3978952727983707,jp morgan chase
8720,Kantar,Data Analyst,1,4.2,3.0,5.7,79,424,1,False,False,False,1.9000000000000001,False,4.382026634673881,1.6486586255873816,kantar
6312,S&P Global,Data Analyst,1,4.4,3.1,8.0,79,425,1,False,False,False,2.5806451612903225,False,4.382026634673881,1.6863989535702288,sp global
2787,Axtria,Data Analyst,0,8.8,6.0,13.5,77,426,0,False,False,False,2.25,False,4.356708826689592,2.2823823856765264,axtria
7507,L&T Infotech,Data Analyst,1,6.6,3.8,14.5,77,427,1,False,False,False,3.8157894736842106,False,4.356708826689592,2.028148247292285,lt infotech
8608,Nielsen,Data Analyst,1,4.0,2.4,7.3,75,428,1,False,False,False,3.0416666666666665,False,4.330733340286331,1.6094379124341003,nielsen
1390,Citicorp,Data Analyst,1,12.2,8.5,17.1,75,429,1,False,False,False,2.011764705882353,False,4.330733340286331,2.580216829592325,citicorp
3695,Morningstar,Data Analyst,0,3.6,3.0,4.8,74,430,0,False,False,False,1.5999999999999999,False,4.31748811353631,1.5260563034950492,morningstar
7277,TheMathCompany,Data Analyst,0,5.2,4.5,8.0,73,431,0,False,False,False,1.7777777777777777,False,4.30406509320417,1.824549292051046,themathcompany
2940,Hewlett-Packard Enterprise,Data Analyst,2,6.6,3.5,10.0,72,432,2,False,False,False,2.857142857142857,False,4.290459441148391,2.028148247292285,hewlettpackard enterprise
1814,Datamatics Global Services,Data Analyst,0,2.1,1.0,5.4,72,433,0,False,False,False,5.4,True,4.290459441148391,1.1314021114911006,datamatics global services
6717,HERE Technologies,Data Analyst,0,2.6,2.0,4.0,72,434,0,False,False,False,2.0,False,4.290459441148391,1.2809338454620642,here technologies
4960,HDFC Bank,Data Analyst,1,4.6,2.0,10.3,69,435,1,False,False,False,5.15,True,4.248495242049359,1.7227665977411035,hdfc bank
5694,Nvidia,Data Analyst,1,3.3,2.5,4.1,69,436,1,False,False,False,1.64,False,4.248495242049359,1.4586150226995167,nvidia
4017,Dell,Data Analyst,1,5.8,2.5,12.0,68,437,1,False,False,False,4.8,False,4.23410650459726,1.916922612182061,dell
8562,Zensar Technologies,Data Analyst,1,4.4,2.9,6.5,67,438,1,False,False,False,2.241379310344828,False,4.219507705176107,1.6863989535702288,zensar technologies
2088,Vodafone Idea,Data Analyst,2,5.7,3.0,11.0,67,439,2,False,False,False,3.6666666666666665,False,4.219507705176107,1.9021075263969205,vodafone idea
1519,Ardem Data Services,Data Analyst,0,1.9,1.1,3.0,67,440,0,False,False,False,2.727272727272727,False,4.219507705176107,1.0647107369924282,ardem data services
2675,Fiserv,Data Analyst,2,11.5,6.0,17.0,66,441,2,False,False,False,2.8333333333333335,False,4.204692619390966,2.5257286443082556,fiserv
1742,Verificient Technologies,Data Analyst,0,2.2,1.8,3.3,65,442,0,False,False,False,1.8333333333333333,False,4.189654742026425,1.1631508098056809,verificient technologies
3495,CRG Solutions,Data Analyst,1,5.8,3.7,9.0,64,443,1,False,False,False,2.4324324324324325,False,4.174387269895637,1.916922612182061,crg solutions
6385,Oracle,Data Analyst,1,5.8,3.1,13.9,64,444,1,False,False,False,4.483870967741935,False,4.174387269895637,1.916922612182061,oracle
2623,Google,Data Analyst,1,15.5,2.6,50.0,63,445,1,False,False,False,19.23076923076923,True,4.1588830833596715,2.803360380906535,google
3511,Swiggy,Data Analyst,1,4.4,3.1,7.3,62,446,1,False,False,False,2.354838709677419,False,4.143134726391533,1.6863989535702288,swiggy
7027,Kriya It,Data Analyst,0,1.6,1.0,2.5,61,447,0,False,False,False,2.5,False,4.127134385045092,0.9555114450274363,kriya it
3379,Reliance jio,Data Analyst,1,5.6,3.5,10.5,58,448,1,False,False,False,3.0,False,4.07753744390572,1.8870696490323797,reliance jio
8651,Mphasis,Data Analyst,1,5.1,2.1,9.5,58,449,1,False,False,False,4.523809523809524,False,4.07753744390572,1.8082887711792655,mphasis
6454,Wells Fargo India,Data Analyst,1,10.3,3.1,20.0,55,450,1,False,False,False,6.451612903225806,True,4.02535169073515,2.424802725718295,wells fargo india
6466,FE fundinfo,Data Analyst,0,3.3,2.5,4.0,55,451,0,False,False,False,1.6,False,4.02535169073515,1.4586150226995167,fe fundinfo
7278,Oyo Rooms,Data Analyst,1,6.5,3.4,11.5,54,452,1,False,False,False,3.3823529411764706,False,4.007333185232471,2.0149030205422647,oyo rooms
4321,Competent Software,Data Analyst,1,3.1,2.0,4.1,54,453,1,False,False,False,2.05,False,4.007333185232471,1.410986973710262,competent software
4323,Udaan,Data Analyst,1,5.0,3.0,9.0,53,454,1,False,False,False,3.0,False,3.9889840465642745,1.791759469228055,udaan
3482,Continental Automotive Components,Data Analyst,1,2.6,2.2,3.5,53,455,1,False,False,False,1.5909090909090908,False,3.9889840465642745,1.2809338454620642,continental automotive components
1322,E2OPEN,Data Analyst,2,4.1,3.2,5.7,53,456,2,False,False,False,1.78125,False,3.9889840465642745,1.62924053973028,e2open
8508,IHS Markit,Data Analyst,1,5.8,3.5,9.5,52,457,1,False,False,False,2.7142857142857144,False,3.970291913552122,1.916922612182061,ihs markit
2174,Fidelity National Financial,Data Analyst,0,3.3,1.9,4.2,51,458,0,False,False,False,2.210526315789474,False,3.9512437185814275,1.4586150226995167,fidelity national financial
4312,Proziod Analytics,Data Analyst,1,3.5,3.0,4.5,51,459,1,False,False,False,1.5,False,3.9512437185814275,1.5040773967762742,proziod analytics
3373,American Express,Data Analyst,1,9.5,3.2,18.0,50,460,1,False,False,False,5.625,True,3.9318256327243257,2.3513752571634776,american express
8817,Bajaj Finserv,Data Analyst,0,6.5,2.0,12.0,49,461,0,False,False,False,6.0,True,3.912023005428146,2.0149030205422647,bajaj finserv
7371,Optimint Solutions,Data Analyst,0,2.2,1.7,3.0,49,462,0,False,False,False,1.7647058823529411,False,3.912023005428146,1.1631508098056809,optimint solutions
2803,Mu Sigma,Data Analyst,1,7.8,5.0,14.5,48,463,1,False,False,False,2.9,False,3.8918202981106265,2.174751721484161,mu sigma
5713,Course5,Data Analyst,0,3.5,3.0,5.1,48,464,0,False,False,False,1.7,False,3.8918202981106265,1.5040773967762742,course5
6753,Paytm,Data Analyst,2,6.0,3.0,12.5,48,465,2,False,False,False,4.166666666666667,False,3.8918202981106265,1.9459101490553132,paytm
1911,Straive,Data Analyst,0,2.4,1.8,3.0,48,466,0,False,False,False,1.6666666666666665,False,3.8918202981106265,1.2237754316221157,straive
6918,Honeywell Technology Solutions,Data Analyst,2,9.4,5.0,13.0,47,467,2,False,False,False,2.6,False,3.871201010907891,2.341805806147327,honeywell technology solutions
8649,Intelligent Image Management Inc,Data Analyst,0,1.4,0.2,2.0,47,468,0,False,False,False,10.0,True,3.871201010907891,0.8754687373538999,intelligent image management inc
1980,UnitedLex,Data Analyst,1,3.1,2.5,4.2,47,469,1,False,False,False,1.6800000000000002,False,3.871201010907891,1.410986973710262,unitedlex
1325,Fidelity National Information Services,Data Analyst,1,5.0,2.7,8.1,46,470,1,False,False,False,2.9999999999999996,False,3.8501476017100584,1.791759469228055,fidelity national information services
6689,Barclays,Data Analyst,1,11.2,6.5,19.0,46,471,1,False,False,False,2.923076923076923,False,3.8501476017100584,2.501435951739211,barclays
4277,Novartis Healthcare,Data Analyst,2,10.3,6.7,14.2,46,472,2,False,False,False,2.1194029850746268,False,3.8501476017100584,2.424802725718295,novartis healthcare
7627,R1 RCM,Data Analyst,1,3.4,2.3,5.5,45,473,1,False,False,False,2.3913043478260874,False,3.828641396489095,1.4816045409242156,r1 rcm
2597,Nokia,Data Analyst,0,4.2,2.2,8.0,45,474,0,False,False,False,3.6363636363636362,False,3.828641396489095,1.6486586255873816,nokia
6775,Bahar Infocons,Data Analyst,1,2.2,1.4,3.1,45,475,1,False,False,False,2.2142857142857144,False,3.828641396489095,1.1631508098056809,bahar infocons
6616,Axis Bank,Data Analyst,0,8.2,4.0,14.0,45,476,0,False,False,False,3.5,False,3.828641396489095,2.2192034840549946,axis bank
4686,Freelancer.com,Data Analyst,1,3.7,1.5,7.0,45,477,1,False,False,False,4.666666666666667,False,3.828641396489095,1.547562508716013,freelancercom
6510,Virtusa Consulting Services,Data Analyst,1,4.2,2.2,8.8,44,478,1,False,False,False,4.0,False,3.8066624897703196,1.6486586255873816,virtusa consulting services
2584,Aon,Data Analyst,0,4.6,2.9,8.5,43,479,0,False,False,False,2.931034482758621,False,3.784189633918261,1.7227665977411035,aon
3365,Conduent,Data Analyst,1,3.9,1.6,6.4,42,480,1,False,False,False,4.0,False,3.7612001156935624,1.589235205116581,conduent
1396,Schneider Electric,Data Analyst,1,6.3,3.0,12.1,42,481,1,False,False,False,4.033333333333333,False,3.7612001156935624,1.9878743481543455,schneider electric
5831,Citibank,Data Analyst,0,10.4,4.1,15.8,42,482,0,False,False,False,3.853658536585366,False,3.7612001156935624,2.4336133554004498,citibank
7248,Sphera Solutions,Data Analyst,0,3.4,3.2,3.8,42,483,0,False,False,False,1.1874999999999998,False,3.7612001156935624,1.4816045409242156,sphera solutions
5005,Systech Solutions,Data Analyst,0,4.7,3.8,7.5,41,484,0,False,False,False,1.973684210526316,False,3.7376696182833684,1.7404661748405046,systech solutions
6589,Ford Motor,Data Analyst,1,9.6,5.0,13.1,41,485,1,False,False,False,2.62,False,3.7376696182833684,2.3608540011180215,ford motor
6564,First Source,Data Analyst,1,2.7,1.5,4.9,40,486,1,False,False,False,3.266666666666667,False,3.713572066704308,1.308332819650179,first source
6582,S&P Global Market Intelligence,Data Analyst,1,4.1,3.0,6.1,40,487,1,False,False,False,2.033333333333333,False,3.713572066704308,1.62924053973028,sp global market intelligence
5579,UST,Data Analyst,2,7.4,3.8,12.0,40,488,2,False,False,False,3.1578947368421053,False,3.713572066704308,2.128231705849268,ust
4728,SG Analytics,Data Analyst,1,4.6,3.0,6.3,39,489,1,False,False,False,2.1,False,3.6888794541139363,1.7227665977411035,sg analytics
3255,Indegene,Data Analyst,1,9.0,7.5,10.9,38,490,1,False,False,False,1.4533333333333334,False,3.6635616461296463,2.302585092994046,indegene
5864,Cisco Systems,Data Analyst,3,9.0,4.0,21.7,38,491,3,False,False,False,5.425,True,3.6635616461296463,2.302585092994046,cisco systems
6388,Huawei Technologies,Data Analyst,2,4.3,3.3,5.8,38,492,2,False,False,False,1.7575757575757576,False,3.6635616461296463,1.667706820558076,huawei technologies
6701,Data Entry,Data Analyst,0,1.7,0.2,3.4,38,493,0,False,False,False,17.0,True,3.6635616461296463,0.9932517730102833,data entry
6586,Shell,Data Analyst,2,13.3,6.0,21.7,37,494,2,False,False,False,3.6166666666666667,False,3.6375861597263857,2.6602595372658615,shell
6619,Harman Connected Services,Data Analyst,2,6.0,3.5,12.6,37,495,2,False,False,False,3.6,False,3.6375861597263857,1.9459101490553132,harman connected services
1330,Johnson & Johnson,Data Analyst,1,5.0,3.0,10.5,37,496,1,False,False,False,3.5,False,3.6375861597263857,1.791759469228055,johnson johnson
6816,InSync Analytics,Data Analyst,1,2.5,1.9,3.3,37,497,1,False,False,False,1.736842105263158,False,3.6375861597263857,1.252762968495368,insync analytics
1981,Larsen & Toubro Limited,Data Analyst,1,5.0,2.0,9.0,37,498,1,False,False,False,4.5,False,3.6375861597263857,1.791759469228055,larsen toubro limited
4580,Yardi Systems,Data Analyst,2,3.7,2.7,4.6,36,499,2,False,False,False,1.7037037037037035,False,3.6109179126442243,1.547562508716013,yardi systems
8679,Freelance Consultants,Data Analyst,1,3.8,1.8,6.1,36,500,1,False,False,False,3.3888888888888884,False,3.6109179126442243,1.5686159179138452,freelance consultants
5865,Brillio,Data Analyst,0,5.8,4.0,11.0,36,501,0,False,False,False,2.75,False,3.6109179126442243,1.916922612182061,brillio
8908,Yodlee,Data Analyst,1,5.5,3.9,8.6,35,502,1,False,False,False,2.2051282051282053,False,3.58351893845611,1.8718021769015913,yodlee
8921,ABC,Data Analyst,1,9.6,3.0,24.0,35,503,1,False,False,False,8.0,True,3.58351893845611,2.3608540011180215,abc
2886,JLL,Data Analyst,1,5.4,3.5,9.2,35,504,1,False,False,False,2.6285714285714286,False,3.58351893845611,1.8562979903656263,jll
4670,Sapient Corporation,Data Analyst,2,7.9,5.0,12.0,35,505,2,False,False,False,2.4,False,3.58351893845611,2.186051276738094,sapient corporation
2895,ZS,Data Analyst,1,10.6,7.0,16.0,35,506,1,False,False,False,2.2857142857142856,False,3.58351893845611,2.451005098112319,zs
7987,Uber,Data Analyst,1,13.0,6.5,30.0,35,507,1,False,False,False,4.615384615384615,False,3.58351893845611,2.6390573296152584,uber
6360,Numeratr,Data Analyst,0,3.0,2.0,4.4,35,508,0,False,False,False,2.2,False,3.58351893845611,1.3862943611198906,numeratr
5656,Yukthi Datasoft,Data Analyst,1,2.1,1.5,2.9,34,509,1,False,False,False,1.9333333333333333,False,3.5553480614894135,1.1314021114911006,yukthi datasoft
8307,Infosys BPM,Data Analyst,1,3.8,2.1,7.8,34,510,1,False,False,False,3.714285714285714,False,3.5553480614894135,1.5686159179138452,infosys bpm
5134,Hexaware Technologies,Data Analyst,1,6.4,0.2,14.0,33,511,1,False,False,False,70.0,True,3.5263605246161616,2.0014800002101243,hexaware technologies
6855,Ganit Business Solutions,Data Analyst,0,6.0,6.0,6.0,33,512,0,False,False,False,1.0,False,3.5263605246161616,1.9459101490553132,ganit business solutions
3763,Fractal Analytics,Data Analyst,1,9.9,4.9,17.5,33,513,1,False,False,False,3.571428571428571,False,3.5263605246161616,2.388762789235098,fractal analytics
6545,CAMP Systems,Data Analyst,1,3.8,3.0,4.6,32,514,1,False,False,False,1.5333333333333332,False,3.4965075614664802,1.5686159179138452,camp systems
1608,Indium Software,Data Analyst,0,7.0,4.0,11.0,32,515,0,False,False,False,2.75,False,3.4965075614664802,2.0794415416798357,indium software
6180,Data Gyan,Data Analyst,0,1.8,1.5,2.0,32,516,0,False,False,False,1.3333333333333333,False,3.4965075614664802,1.0296194171811581,data gyan
7886,Randstad,Data Analyst,1,4.2,2.5,8.0,31,517,1,False,False,False,3.2,False,3.4657359027997265,1.6486586255873816,randstad
8564,Epsilon,Data Analyst,1,9.9,5.5,16.1,31,518,1,False,False,False,2.9272727272727277,False,3.4657359027997265,2.388762789235098,epsilon
8288,N+A,Data Analyst,0,3.7,2.1,6.0,31,519,0,False,False,False,2.857142857142857,False,3.4657359027997265,1.547562508716013,na
4018,The Smart Cube,Data Analyst,0,7.7,6.3,9.0,31,520,0,False,False,False,1.4285714285714286,False,3.4657359027997265,2.163323025660538,the smart cube
1826,Dataction Analytics,Data Analyst,0,2.6,1.9,3.5,31,521,0,False,False,False,1.842105263157895,False,3.4657359027997265,1.2809338454620642,dataction analytics
7748,TSWRDC WOMEN'S DEGREE COLLEGE,Data Analyst,0,2.5,2.0,3.5,31,522,0,False,False,False,1.75,False,3.4657359027997265,1.252762968495368,tswrdc womens degree college
2819,LiquidHub,Data Analyst,0,2.6,1.4,5.0,30,523,0,False,False,False,3.5714285714285716,False,3.4339872044851463,1.2809338454620642,liquidhub
6902,Sutherland Global Services,Data Analyst,1,4.8,2.8,7.3,30,524,1,False,False,False,2.607142857142857,False,3.4339872044851463,1.7578579175523736,sutherland global services
3067,ValueLabs,Data Analyst,1,5.1,2.4,13.8,30,525,1,False,False,False,5.750000000000001,True,3.4339872044851463,1.8082887711792655,valuelabs
1755,HCL Technologies BPO Services,Data Analyst,1,2.9,1.9,5.0,30,526,1,False,False,False,2.6315789473684212,False,3.4339872044851463,1.3609765531356006,hcl technologies bpo services
1130,HUDL,Data Analyst,0,2.9,2.0,3.8,30,527,0,False,False,False,1.9,False,3.4339872044851463,1.3609765531356006,hudl
8971,Mercedes-Benz Research & Development India,Data Analyst,1,10.2,7.5,15.0,30,528,1,False,False,False,2.0,False,3.4339872044851463,2.4159137783010487,mercedesbenz research development india
3174,Whitehat jr,Data Analyst,1,5.9,4.3,8.0,30,529,1,False,False,False,1.8604651162790697,False,3.4339872044851463,1.9315214116032138,whitehat jr
3254,Caterpillar Inc,Data Analyst,1,6.2,3.6,10.5,29,530,1,False,False,False,2.9166666666666665,False,3.4011973816621555,1.9740810260220096,caterpillar inc
8159,General Mills,Data Analyst,0,7.0,5.3,9.2,29,531,0,False,False,False,1.7358490566037734,False,3.4011973816621555,2.0794415416798357,general mills
1298,BYJU'S,Data Analyst,1,7.0,5.0,15.4,29,532,1,False,False,False,3.08,False,3.4011973816621555,2.0794415416798357,byjus
8425,Hinduja Global Solutions,Data Analyst,1,3.7,2.0,6.5,29,533,1,False,False,False,3.25,False,3.4011973816621555,1.547562508716013,hinduja global solutions
8410,Mercer,Data Analyst,0,4.8,2.3,8.5,29,534,0,False,False,False,3.695652173913044,False,3.4011973816621555,1.7578579175523736,mercer
8838,Bridgei2i Analytics Solutions,Data Analyst,0,5.3,4.5,7.8,29,535,0,False,False,False,1.7333333333333334,False,3.4011973816621555,1.840549633397487,bridgei2i analytics solutions
4586,Annalect,Data Analyst,0,5.6,3.6,7.5,29,536,0,False,False,False,2.0833333333333335,False,3.4011973816621555,1.8870696490323797,annalect
8212,Verizon,Data Analyst,1,11.4,6.4,17.8,28,537,1,False,False,False,2.78125,False,3.367295829986474,2.517696472610991,verizon
6087,McKinsey & Company,Data Analyst,1,15.3,9.0,20.0,28,538,1,False,False,False,2.2222222222222223,False,3.367295829986474,2.791165107812717,mckinsey company
6301,ITC Infotech India,Data Analyst,0,7.9,3.7,16.0,28,539,0,False,False,False,4.324324324324324,False,3.367295829986474,2.186051276738094,itc infotech india
6455,Vaco Binary Semantics,Data Analyst,0,3.7,2.4,6.0,28,540,0,False,False,False,2.5,False,3.367295829986474,1.547562508716013,vaco binary semantics
4568,FedEx Express,Data Analyst,0,7.4,3.3,12.0,28,541,0,False,False,False,3.6363636363636367,False,3.367295829986474,2.128231705849268,fedex express
8142,Galytix Analytics,Data Analyst,0,6.0,6.0,6.0,28,542,0,False,False,False,1.0,False,3.367295829986474,1.9459101490553132,galytix analytics
3409,VeeTechnologies,Data Analyst,1,1.9,1.2,2.4,28,543,1,False,False,False,2.0,False,3.367295829986474,1.0647107369924282,veetechnologies
3897,APA Engineering,Data Analyst,0,2.0,1.5,3.1,27,544,0,False,False,False,2.066666666666667,False,3.332204510175204,1.0986122886681098,apa engineering
3711,Tesco,Data Analyst,1,5.5,3.9,8.9,27,545,1,False,False,False,2.2820512820512824,False,3.332204510175204,1.8718021769015913,tesco
7589,UBS,Data Analyst,1,9.4,6.0,15.5,27,546,1,False,False,False,2.5833333333333335,False,3.332204510175204,2.341805806147327,ubs
8738,BCG,Data Analyst,2,11.9,6.0,19.4,27,547,2,False,False,False,3.233333333333333,False,3.332204510175204,2.5572273113676265,bcg
4827,Reliance Industries,Data Analyst,1,6.3,2.2,9.0,26,548,1,False,False,False,4.090909090909091,False,3.295836866004329,1.9878743481543455,reliance industries
7494,Collegedunia,Data Analyst,1,4.0,3.0,5.4,26,549,1,False,False,False,1.8,False,3.295836866004329,1.6094379124341003,collegedunia
5794,Thomson Reuters,Data Analyst,1,4.1,2.1,6.9,26,550,1,False,False,False,3.2857142857142856,False,3.295836866004329,1.62924053973028,thomson reuters
7130,Tata Communications,Data Analyst,0,3.9,2.1,5.1,26,551,0,False,False,False,2.4285714285714284,False,3.295836866004329,1.589235205116581,tata communications
6799,Cerner,Data Analyst,1,7.3,5.2,10.5,26,552,1,False,False,False,2.019230769230769,False,3.295836866004329,2.1162555148025524,cerner
6934,Sandcube Analytics,Data Analyst,0,2.3,1.1,3.6,26,553,0,False,False,False,3.2727272727272725,False,3.295836866004329,1.1939224684724346,sandcube analytics
5734,Bank of America,Data Analyst,2,13.9,5.5,20.0,26,554,2,False,False,False,3.6363636363636362,False,3.295836866004329,2.7013612129514133,bank of america
3953,Stats Systems India,Data Analyst,0,2.1,1.5,3.1,26,555,0,False,False,False,2.066666666666667,False,3.295836866004329,1.1314021114911006,stats systems india
5479,Objectways Technologies,Data Analyst,0,1.5,1.2,2.0,26,556,0,False,False,False,1.6666666666666667,False,3.295836866004329,0.9162907318741551,objectways technologies
2634,Target,Data Analyst,1,8.8,2.9,13.0,25,557,1,False,False,False,4.482758620689656,False,3.258096538021482,2.2823823856765264,target
2135,PayPal,Data Analyst,1,17.2,8.0,30.0,25,558,1,False,False,False,3.75,False,3.258096538021482,2.9014215940827497,paypal
2650,NISC Export Services,Data Analyst,1,3.2,2.3,5.0,25,559,1,False,False,False,2.173913043478261,False,3.258096538021482,1.4350845252893227,nisc export services
2214,ANZ Banking Group,Data Analyst,2,9.8,4.4,15.6,25,560,2,False,False,False,3.545454545454545,False,3.258096538021482,2.379546134130174,anz banking group
1609,Hive,Data Analyst,0,4.2,3.5,5.8,25,561,0,False,False,False,1.657142857142857,False,3.258096538021482,1.6486586255873816,hive
5913,Crif High Mark Credit Information Services,Data Analyst,2,5.5,3.8,8.0,25,562,2,False,False,False,2.1052631578947367,False,3.258096538021482,1.8718021769015913,crif high mark credit information services
4584,Pacecom Technologies,Data Analyst,0,2.1,2.0,2.6,25,563,0,False,False,False,1.3,False,3.258096538021482,1.1314021114911006,pacecom technologies
5403,TCS,Data Engineer,1,5.8,3.9,10.1,819,564,1,False,False,False,2.58974358974359,False,6.709304340258298,1.916922612182061,tcs
5985,IBM,Data Engineer,1,10.4,4.8,18.0,727,565,1,False,False,False,3.75,False,6.590301048196686,2.4336133554004498,ibm
6440,L&T Infotech,Data Engineer,1,5.7,4.1,9.0,420,566,1,False,False,False,2.1951219512195124,False,6.042632833682381,1.9021075263969205,lt infotech
1403,Accenture,Data Engineer,1,9.0,5.0,16.8,332,567,1,False,False,False,3.3600000000000003,False,5.808142489980444,2.302585092994046,accenture
8967,Cognizant,Data Engineer,1,7.5,4.5,13.3,292,568,1,False,False,False,2.9555555555555557,False,5.680172609017068,2.1400661634962708,cognizant
3793,EC-Mobility,Data Engineer,1,2.1,1.8,2.6,259,569,1,False,False,False,1.4444444444444444,False,5.560681631015528,1.1314021114911006,ecmobility
4299,Capgemini,Data Engineer,1,7.4,4.0,13.5,231,570,1,False,False,False,3.375,False,5.44673737166631,2.128231705849268,capgemini
8920,Infosys,Data Engineer,1,5.5,3.6,10.0,196,571,1,False,False,False,2.7777777777777777,False,5.2832037287379885,1.8718021769015913,infosys
8265,Fractal Analytics,Data Engineer,2,11.8,8.0,18.0,184,572,2,False,False,False,2.25,False,5.220355825078324,2.5494451709255714,fractal analytics
2453,Wipro,Data Engineer,1,6.6,4.0,14.5,175,573,1,False,False,False,3.625,False,5.170483995038151,2.028148247292285,wipro
4338,Amazon,Data Engineer,2,22.0,11.0,40.0,166,574,2,False,False,False,3.6363636363636362,False,5.117993812416755,3.1354942159291497,amazon
1944,Quantiphi Analytics Solutions,Data Engineer,0,10.4,6.5,15.0,140,575,0,False,False,False,2.3076923076923075,False,4.948759890378168,2.4336133554004498,quantiphi analytics solutions
5805,Tech Mahindra,Data Engineer,2,6.5,4.2,13.0,130,576,2,False,False,False,3.095238095238095,False,4.875197323201151,2.0149030205422647,tech mahindra
4495,Mindtree,Data Engineer,1,6.0,3.9,9.9,124,577,1,False,False,False,2.5384615384615388,False,4.8283137373023015,1.9459101490553132,mindtree
4021,DXC Technology,Data Engineer,1,6.6,3.8,12.0,122,578,1,False,False,False,3.1578947368421053,False,4.812184355372417,2.028148247292285,dxc technology
7790,Deloitte,Data Engineer,1,11.8,6.0,18.0,116,579,1,False,False,False,3.0,False,4.762173934797756,2.5494451709255714,deloitte
5491,Walmart,Data Engineer,3,22.1,15.0,31.9,88,580,3,False,False,False,2.1266666666666665,False,4.48863636973214,3.139832617527748,walmart
8350,Optum,Data Engineer,2,11.1,7.9,16.8,80,581,2,False,False,False,2.1265822784810124,False,4.394449154672439,2.4932054526026954,optum
4667,Shell,Data Engineer,1,17.2,8.0,24.0,79,582,1,False,False,False,3.0,False,4.382026634673881,2.9014215940827497,shell
1550,HCL Technologies,Data Engineer,1,9.0,3.5,18.0,79,583,1,False,False,False,5.142857142857143,True,4.382026634673881,2.302585092994046,hcl technologies
2614,Futurense Technologies,Data Engineer,1,9.5,7.0,12.0,72,584,1,False,False,False,1.7142857142857142,False,4.290459441148391,2.3513752571634776,futurense technologies
5818,Tiger Analytics,Data Engineer,1,14.0,7.0,21.0,69,585,1,False,False,False,3.0,False,4.248495242049359,2.70805020110221,tiger analytics
3148,Teradata,Data Engineer,3,13.6,8.8,17.5,68,586,3,False,False,False,1.9886363636363635,False,4.23410650459726,2.681021528714291,teradata
1885,Altimetrik,Data Engineer,1,12.6,6.5,22.0,59,587,1,False,False,False,3.3846153846153846,False,4.0943445622221,2.6100697927420065,altimetrik
4189,Ernst & Young,Data Engineer,2,12.8,5.2,20.0,59,588,2,False,False,False,3.846153846153846,False,4.0943445622221,2.624668592163159,ernst young
3776,Maersk,Data Engineer,2,17.0,7.8,27.8,55,589,2,False,False,False,3.5641025641025643,False,4.02535169073515,2.8903717578961645,maersk
2933,UnitedHealth,Data Engineer,2,10.3,6.3,17.3,53,590,2,False,False,False,2.746031746031746,False,3.9889840465642745,2.424802725718295,unitedhealth
5233,Genpact,Data Engineer,1,6.8,3.2,14.0,47,591,1,False,False,False,4.375,False,3.871201010907891,2.0541237336955462,genpact
6910,PayPal,Data Engineer,4,21.6,12.8,31.0,44,592,4,False,False,False,2.421875,False,3.8066624897703196,3.1179499062782403,paypal
6103,Enquero,Data Engineer,1,9.5,6.2,15.0,41,593,1,False,False,False,2.4193548387096775,False,3.7376696182833684,2.3513752571634776,enquero
4869,DataMetica,Data Engineer,0,6.4,4.0,10.7,41,594,0,False,False,False,2.675,False,3.7376696182833684,2.0014800002101243,datametica
2846,Ericsson,Data Engineer,2,10.6,5.3,17.5,40,595,2,False,False,False,3.30188679245283,False,3.713572066704308,2.451005098112319,ericsson
1308,GE,Data Engineer,3,12.8,9.6,16.0,39,596,3,False,False,False,1.6666666666666667,False,3.6888794541139363,2.624668592163159,ge
8734,Target,Data Engineer,0,12.9,10.0,17.7,38,597,0,False,False,False,1.77,False,3.6635616461296463,2.631888840136646,target
6343,Brillio,Data Engineer,0,7.7,4.5,13.3,38,598,0,False,False,False,2.9555555555555557,False,3.6635616461296463,2.163323025660538,brillio
6891,ZS,Data Engineer,1,11.7,9.0,16.0,37,599,1,False,False,False,1.7777777777777777,False,3.6375861597263857,2.5416019934645457,zs
2537,Hewlett-Packard Enterprise,Data Engineer,2,8.4,4.5,18.0,36,600,2,False,False,False,4.0,False,3.6109179126442243,2.2407096892759584,hewlettpackard enterprise
2809,Reliance jio,Data Engineer,1,8.2,4.5,13.0,35,601,1,False,False,False,2.888888888888889,False,3.58351893845611,2.2192034840549946,reliance jio
5224,Sapient Corporation,Data Engineer,2,13.5,9.2,17.0,34,602,2,False,False,False,1.847826086956522,False,3.5553480614894135,2.6741486494265287,sapient corporation
8736,Larsen & Toubro Limited,Data Engineer,1,5.8,4.0,10.5,34,603,1,False,False,False,2.625,False,3.5553480614894135,1.916922612182061,larsen toubro limited
2516,JP Morgan Chase,Data Engineer,4,18.7,8.0,29.0,32,604,4,False,False,False,3.625,False,3.4965075614664802,2.9806186357439426,jp morgan chase
5049,Societe Generale,Data Engineer,2,16.8,9.6,23.0,31,605,2,False,False,False,2.3958333333333335,False,3.4657359027997265,2.8791984572980396,societe generale
3209,Bajaj Finserv,Data Engineer,0,10.9,8.0,12.5,30,606,0,False,False,False,1.5625,False,3.4339872044851463,2.4765384001174837,bajaj finserv
4795,Bharti Airtel,Data Engineer,2,4.0,3.0,7.5,30,607,2,False,False,False,2.5,False,3.4339872044851463,1.6094379124341003,bharti airtel
1567,Bank of America,Data Engineer,2,15.1,8.1,22.0,30,608,2,False,False,False,2.7160493827160495,False,3.4339872044851463,2.7788192719904172,bank of america
2911,Mphasis,Data Engineer,1,10.1,4.2,19.0,30,609,1,False,False,False,4.523809523809524,False,3.4339872044851463,2.4069451083182885,mphasis
8199,Fragma Data Systems,Data Engineer,0,5.5,3.5,11.9,30,610,0,False,False,False,3.4,False,3.4339872044851463,1.8718021769015913,fragma data systems
5796,NTT DATA,Data Engineer,2,10.4,4.1,25.0,29,611,2,False,False,False,6.097560975609756,True,3.4011973816621555,2.4336133554004498,ntt data
7031,PwC,Data Engineer,1,10.0,5.5,16.5,29,612,1,False,False,False,3.0,False,3.4011973816621555,2.3978952727983707,pwc
4222,KPMG,Data Engineer,2,12.3,7.0,18.0,28,613,2,False,False,False,2.5714285714285716,False,3.367295829986474,2.5877640352277083,kpmg
7442,UST,Data Engineer,1,9.8,3.5,17.0,27,614,1,False,False,False,4.857142857142857,False,3.332204510175204,2.379546134130174,ust
6201,Virtusa Consulting Services,Data Engineer,1,9.0,4.2,20.0,27,615,1,False,False,False,4.761904761904762,False,3.332204510175204,2.302585092994046,virtusa consulting services
2469,DBS Bank,Data Engineer,2,13.6,9.1,24.0,27,616,2,False,False,False,2.6373626373626373,False,3.332204510175204,2.681021528714291,dbs bank
6026,Koch Business Solutions,Data Engineer,4,23.6,12.0,34.0,27,617,4,False,False,False,2.8333333333333335,False,3.332204510175204,3.202746442938317,koch business solutions
7134,Lowe's,Data Engineer,1,12.1,10.0,14.3,26,618,1,False,False,False,1.4300000000000002,False,3.295836866004329,2.5726122302071057,lowes
1593,BA Continuum,Data Engineer,4,16.5,12.0,22.8,26,619,4,False,False,False,1.9000000000000001,False,3.295836866004329,2.8622008809294686,ba continuum
1677,Dell,Data Engineer,1,12.8,5.5,20.0,26,620,1,False,False,False,3.6363636363636362,False,3.295836866004329,2.624668592163159,dell
2478,Data Semantics,Data Engineer,3,8.9,4.5,15.5,25,621,3,False,False,False,3.4444444444444446,False,3.258096538021482,2.2925347571405443,data semantics
4168,BlazeClan Technologies,Data Engineer,0,5.5,3.2,9.6,24,622,0,False,False,False,2.9999999999999996,False,3.2188758248682006,1.8718021769015913,blazeclan technologies
1045,Microsoft Corporation,Data Engineer,3,25.1,13.0,40.1,24,623,3,False,False,False,3.0846153846153848,False,3.2188758248682006,3.261935314328648,microsoft corporation
6418,DataWeave,Data Engineer,1,8.2,5.5,12.0,23,624,1,False,False,False,2.1818181818181817,False,3.1780538303479458,2.2192034840549946,dataweave
6158,Celebal Technologies,Data Engineer,0,5.5,4.5,10.0,23,625,0,False,False,False,2.2222222222222223,False,3.1780538303479458,1.8718021769015913,celebal technologies
8377,SpringML,Data Engineer,1,9.7,5.5,14.0,23,626,1,False,False,False,2.5454545454545454,False,3.1780538303479458,2.3702437414678603,springml
6914,TEKsystems,Data Engineer,1,9.7,6.0,18.0,23,627,1,False,False,False,3.0,False,3.1780538303479458,2.3702437414678603,teksystems
6104,NatWest Group,Data Engineer,2,20.4,11.1,32.0,23,628,2,False,False,False,2.882882882882883,False,3.1780538303479458,3.0633909220278057,natwest group
4956,Saama Technologies,Data Engineer,2,9.7,6.0,14.5,22,629,2,False,False,False,2.4166666666666665,False,3.1354942159291497,2.3702437414678603,saama technologies
5474,GE Aviation,Data Engineer,2,12.2,9.0,16.0,22,630,2,False,False,False,1.7777777777777777,False,3.1354942159291497,2.580216829592325,ge aviation
8043,Affine Analytics,Data Engineer,0,7.7,6.0,12.0,22,631,0,False,False,False,2.0,False,3.1354942159291497,2.163323025660538,affine analytics
6322,Wells Fargo India,Data Engineer,3,15.2,10.1,22.0,21,632,3,False,False,False,2.1782178217821784,False,3.091042453358316,2.785011242238338,wells fargo india
6759,EXL Service,Data Engineer,2,10.3,6.0,14.1,20,633,2,False,False,False,2.35,False,3.044522437723423,2.424802725718295,exl service
8459,McKinsey & Company,Data Engineer,2,18.5,10.0,25.0,20,634,2,False,False,False,2.5,False,3.044522437723423,2.970414465569701,mckinsey company
2298,Cisco Systems,Data Engineer,3,19.3,12.0,28.0,20,635,3,False,False,False,2.3333333333333335,False,3.044522437723423,3.0106208860477417,cisco systems
8618,IDFC FIRST Bank,Data Engineer,1,15.4,8.5,21.9,20,636,1,False,False,False,2.576470588235294,False,3.044522437723423,2.797281334830153,idfc first bank
4803,ValueLabs,Data Engineer,1,10.3,5.0,23.5,20,637,1,False,False,False,4.7,False,3.044522437723423,2.424802725718295,valuelabs
3443,Paytm,Data Engineer,2,13.9,5.8,23.0,20,638,2,False,False,False,3.9655172413793105,False,3.044522437723423,2.7013612129514133,paytm
7148,Blackbuck Insights,Data Engineer,0,4.2,2.5,8.5,20,639,0,False,False,False,3.4,False,3.044522437723423,1.6486586255873816,blackbuck insights
7078,Lumen Technologies,Data Engineer,1,6.6,4.5,9.2,20,640,1,False,False,False,2.0444444444444443,False,3.044522437723423,2.028148247292285,lumen technologies
7409,Micron Technology,Data Engineer,3,12.9,8.4,18.0,20,641,3,False,False,False,2.142857142857143,False,3.044522437723423,2.631888840136646,micron technology
7952,GE Healthcare,Data Engineer,3,12.3,10.0,17.0,19,642,3,False,False,False,1.7,False,2.995732273553991,2.5877640352277083,ge healthcare
2176,IQVIA,Data Engineer,2,10.5,5.5,15.0,19,643,2,False,False,False,2.727272727272727,False,2.995732273553991,2.4423470353692043,iqvia
3333,SG Analytics,Data Engineer,0,7.3,5.2,12.0,19,644,0,False,False,False,2.3076923076923075,False,2.995732273553991,2.1162555148025524,sg analytics
7965,Wavicle Data Solutions,Data Engineer,2,5.1,3.5,7.2,19,645,2,False,False,False,2.0571428571428574,False,2.995732273553991,1.8082887711792655,wavicle data solutions
8186,Mercedes-Benz Research & Development India,Data Engineer,1,13.1,7.0,19.0,19,646,1,False,False,False,2.7142857142857144,False,2.995732273553991,2.6461747973841225,mercedesbenz research development india
6312,LatentView Analytics,Data Engineer,0,7.2,5.3,12.0,19,647,0,False,False,False,2.2641509433962264,False,2.995732273553991,2.1041341542702074,latentview analytics
4369,Schlumberger,Data Engineer,2,13.7,6.5,22.5,19,648,2,False,False,False,3.4615384615384617,False,2.995732273553991,2.6878474937846906,schlumberger
2757,Adobe,Data Engineer,3,23.7,14.0,34.0,18,649,3,False,False,False,2.4285714285714284,False,2.9444389791664403,3.2068032436339315,adobe
7274,Commonwealth Bank of Australia,Data Engineer,2,19.9,9.9,28.8,18,650,2,False,False,False,2.909090909090909,False,2.9444389791664403,3.039749158970765,commonwealth bank of australia
4142,NCR Corporation,Data Engineer,1,9.5,6.2,13.5,18,651,1,False,False,False,2.1774193548387095,False,2.9444389791664403,2.3513752571634776,ncr corporation
8181,ITC Infotech India,Data Engineer,1,6.8,4.1,13.0,18,652,1,False,False,False,3.1707317073170733,False,2.9444389791664403,2.0541237336955462,itc infotech india
6615,Novartis Healthcare,Data Engineer,2,15.0,9.5,19.5,18,653,2,False,False,False,2.0526315789473686,False,2.9444389791664403,2.772588722239781,novartis healthcare
4764,Legato Health Technologies,Data Engineer,2,10.8,8.3,13.5,18,654,2,False,False,False,1.6265060240963853,False,2.9444389791664403,2.468099531471619,legato health technologies
4104,Honeywell Technology Solutions,Data Engineer,0,11.2,5.0,26.0,17,655,0,False,False,False,5.2,True,2.8903717578961645,2.501435951739211,honeywell technology solutions
1687,Hexaware Technologies,Data Engineer,1,11.7,3.5,23.5,17,656,1,False,False,False,6.714285714285714,True,2.8903717578961645,2.5416019934645457,hexaware technologies
8621,Impetus Technologies,Data Engineer,1,13.1,11.5,16.0,17,657,1,False,False,False,1.391304347826087,False,2.8903717578961645,2.6461747973841225,impetus technologies
5920,Bridgei2i Analytics Solutions,Data Engineer,0,6.7,5.0,10.0,17,658,0,False,False,False,2.0,False,2.8903717578961645,2.0412203288596382,bridgei2i analytics solutions
7597,Verizon,Data Engineer,1,10.5,5.6,15.5,16,659,1,False,False,False,2.7678571428571432,False,2.833213344056216,2.4423470353692043,verizon
8623,Systech Solutions,Data Engineer,0,4.1,3.3,4.5,16,660,0,False,False,False,1.3636363636363638,False,2.833213344056216,1.62924053973028,systech solutions
1809,Ab Inbev,Data Engineer,4,16.5,8.2,24.0,16,661,4,False,False,False,2.9268292682926833,False,2.833213344056216,2.8622008809294686,ab inbev
5226,Neal Analytics,Data Engineer,1,10.5,6.8,16.0,16,662,1,False,False,False,2.3529411764705883,False,2.833213344056216,2.4423470353692043,neal analytics
8074,TheMathCompany,Data Engineer,2,9.3,7.0,13.2,16,663,2,False,False,False,1.8857142857142857,False,2.833213344056216,2.33214389523559,themathcompany
8440,Atos Syntel,Data Engineer,2,7.3,3.8,12.0,16,664,2,False,False,False,3.1578947368421053,False,2.833213344056216,2.1162555148025524,atos syntel
5617,Lumiq.ai,Data Engineer,0,8.1,6.0,9.5,16,665,0,False,False,False,1.5833333333333333,False,2.833213344056216,2.2082744135228043,lumiqai
2078,Axis Bank,Data Engineer,0,11.1,7.7,14.7,16,666,0,False,False,False,1.909090909090909,False,2.833213344056216,2.4932054526026954,axis bank
4409,Google,Data Engineer,3,45.3,16.5,93.5,16,667,3,False,False,False,5.666666666666667,True,2.833213344056216,3.835141961092188,google
7858,Maersk Line,Data Engineer,2,12.8,8.0,21.0,15,668,2,False,False,False,2.625,False,2.772588722239781,2.624668592163159,maersk line
5289,AstraZeneca,Data Engineer,1,9.3,6.8,13.5,15,669,1,False,False,False,1.9852941176470589,False,2.772588722239781,2.33214389523559,astrazeneca
2629,Amdocs,Data Engineer,0,8.9,6.1,13.0,15,670,0,False,False,False,2.1311475409836067,False,2.772588722239781,2.2925347571405443,amdocs
5215,MasterCard,Data Engineer,0,15.1,13.0,18.0,15,671,0,False,False,False,1.3846153846153846,False,2.772588722239781,2.7788192719904172,mastercard
3322,Morgan Stanley,Data Engineer,3,20.5,11.0,26.0,14,672,3,False,False,False,2.3636363636363638,False,2.70805020110221,3.068052935133617,morgan stanley
3308,Tavant Technologies,Data Engineer,1,10.1,5.8,20.0,14,673,1,False,False,False,3.4482758620689657,False,2.70805020110221,2.4069451083182885,tavant technologies
3842,Flipkart,Data Engineer,2,17.5,9.5,25.0,14,674,2,False,False,False,2.6315789473684212,False,2.70805020110221,2.917770732084279,flipkart
3417,Michelin,Data Engineer,0,9.8,7.7,11.3,14,675,0,False,False,False,1.4675324675324677,False,2.70805020110221,2.379546134130174,michelin
4914,Concentrix Corporation,Data Engineer,1,3.7,2.6,4.5,14,676,1,False,False,False,1.7307692307692306,False,2.70805020110221,1.547562508716013,concentrix corporation
7726,Siemens,Data Engineer,1,12.9,6.8,16.0,14,677,1,False,False,False,2.3529411764705883,False,2.70805020110221,2.631888840136646,siemens
8755,Mu Sigma,Data Engineer,1,8.4,5.5,12.0,13,678,1,False,False,False,2.1818181818181817,False,2.6390573296152584,2.2407096892759584,mu sigma
2147,Expedia,Data Engineer,4,27.6,20.0,40.0,13,679,4,False,False,False,2.0,False,2.6390573296152584,3.353406717825807,expedia
2567,Decision Point,Data Engineer,0,5.9,4.8,7.0,13,680,0,False,False,False,1.4583333333333335,False,2.6390573296152584,1.9315214116032138,decision point
8059,Adidas,Data Engineer,1,23.0,14.5,34.0,13,681,1,False,False,False,2.3448275862068964,False,2.6390573296152584,3.1780538303479458,adidas
5990,Nokia,Data Engineer,1,10.7,3.6,24.5,13,682,1,False,False,False,6.805555555555555,True,2.6390573296152584,2.4595888418037104,nokia
5708,Oil Field Instrumentation,Data Engineer,6,6.9,1.2,11.1,13,683,5+,False,False,False,9.25,True,2.6390573296152584,2.066862759472976,oil field instrumentation
5566,Atos,Data Engineer,2,8.5,3.7,17.8,13,684,2,False,False,False,4.8108108108108105,False,2.6390573296152584,2.2512917986064953,atos
5427,Bitwise Solutions,Data Engineer,0,6.1,3.8,9.0,13,685,0,False,False,False,2.368421052631579,False,2.6390573296152584,1.9600947840472698,bitwise solutions
8208,Ford Motor,Data Engineer,0,10.1,5.7,15.9,13,686,0,False,False,False,2.789473684210526,False,2.6390573296152584,2.4069451083182885,ford motor
4158,Persistent Systems,Data Engineer,1,11.6,4.2,20.4,13,687,1,False,False,False,4.857142857142857,False,2.6390573296152584,2.533696813957432,persistent systems
3401,Indium Software,Data Engineer,0,6.8,3.6,11.5,13,688,0,False,False,False,3.194444444444444,False,2.6390573296152584,2.0541237336955462,indium software
8353,Citicorp,Data Engineer,2,17.9,13.5,20.0,13,689,2,False,False,False,1.4814814814814814,False,2.6390573296152584,2.9391619220655967,citicorp
5406,The Data Team,Data Engineer,1,11.5,8.5,15.0,13,690,1,False,False,False,1.7647058823529411,False,2.6390573296152584,2.5257286443082556,the data team
2086,Cittabase Solutions,Data Engineer,3,7.9,5.0,10.3,13,691,3,False,False,False,2.06,False,2.6390573296152584,2.186051276738094,cittabase solutions
3700,NIKE,Data Engineer,3,21.3,14.1,29.0,13,692,3,False,False,False,2.0567375886524824,False,2.6390573296152584,3.104586678466073,nike
1105,Kyndryl,Data Engineer,2,12.8,8.5,16.0,13,693,2,False,False,False,1.8823529411764706,False,2.6390573296152584,2.624668592163159,kyndryl
2377,Dunnhumby,Data Engineer,1,12.3,8.7,18.5,12,694,1,False,False,False,2.1264367816091956,False,2.5649493574615367,2.5877640352277083,dunnhumby
7558,Advance Auto Parts,Data Engineer,3,13.3,10.2,15.5,12,695,3,False,False,False,1.519607843137255,False,2.5649493574615367,2.6602595372658615,advance auto parts
1092,Rackspace,Data Engineer,3,16.3,11.0,21.6,12,696,3,False,False,False,1.9636363636363638,False,2.5649493574615367,2.8507065015037334,rackspace
3271,Tredence,Data Engineer,2,11.4,7.0,16.0,12,697,2,False,False,False,2.2857142857142856,False,2.5649493574615367,2.517696472610991,tredence
4433,Expert Global Solutions,Data Engineer,0,2.1,1.1,3.1,12,698,0,False,False,False,2.818181818181818,False,2.5649493574615367,1.1314021114911006,expert global solutions
2256,Cerner,Data Engineer,2,9.9,6.0,14.0,12,699,2,False,False,False,2.3333333333333335,False,2.5649493574615367,2.388762789235098,cerner
3995,Searce Cosourcing Services,Data Engineer,1,7.4,5.0,12.5,12,700,1,False,False,False,2.5,False,2.5649493574615367,2.128231705849268,searce cosourcing services
7725,Eli Lilly and Company,Data Engineer,3,18.4,16.0,22.0,12,701,3,False,False,False,1.375,False,2.5649493574615367,2.9652730660692823,eli lilly and company
4723,ValueMomentum,Data Engineer,1,10.6,4.5,21.3,12,702,1,False,False,False,4.733333333333333,False,2.5649493574615367,2.451005098112319,valuemomentum
4253,InfoStretch,Data Engineer,1,10.5,4.2,18.0,12,703,1,False,False,False,4.285714285714286,False,2.5649493574615367,2.4423470353692043,infostretch
4383,Nagarro,Data Engineer,2,13.1,7.0,25.0,12,704,2,False,False,False,3.5714285714285716,False,2.5649493574615367,2.6461747973841225,nagarro
3800,KPI Partners,Data Engineer,1,12.0,5.0,22.0,12,705,1,False,False,False,4.4,False,2.5649493574615367,2.5649493574615367,kpi partners
6560,HSBC,Data Engineer,1,9.7,6.5,18.0,12,706,1,False,False,False,2.769230769230769,False,2.5649493574615367,2.3702437414678603,hsbc
4334,Bosch Global Software Technologies,Data Engineer,1,7.1,3.8,14.0,11,707,1,False,False,False,3.68421052631579,False,2.4849066497880004,2.0918640616783932,bosch global software technologies
5251,Axtria,Data Engineer,1,11.4,7.5,15.3,11,708,1,False,False,False,2.04,False,2.4849066497880004,2.517696472610991,axtria
8444,Visa,Data Engineer,1,28.7,16.5,37.0,11,709,1,False,False,False,2.242424242424242,False,2.4849066497880004,3.391147045808654,visa
2213,Happiest Minds Technologies,Data Engineer,0,8.0,4.0,14.8,11,710,0,False,False,False,3.7,False,2.4849066497880004,2.1972245773362196,happiest minds technologies
4178,BYJU'S,Data Engineer,1,9.7,4.5,19.5,11,711,1,False,False,False,4.333333333333333,False,2.4849066497880004,2.3702437414678603,byjus
4306,Yash Technologies,Data Engineer,0,5.3,3.2,8.0,11,712,0,False,False,False,2.5,False,2.4849066497880004,1.840549633397487,yash technologies
5751,GE Digital,Data Engineer,4,12.6,8.3,18.3,11,713,4,False,False,False,2.2048192771084336,False,2.4849066497880004,2.6100697927420065,ge digital
4373,GSK Pharmaceuticals,Data Engineer,5,23.1,19.0,27.0,11,714,5+,False,False,False,1.4210526315789473,False,2.4849066497880004,3.1822118404966093,gsk pharmaceuticals
3072,Rakuten,Data Engineer,0,13.3,8.5,18.5,11,715,0,False,False,False,2.176470588235294,False,2.4849066497880004,2.6602595372658615,rakuten
8897,InnovAccer,Data Engineer,1,8.2,5.0,15.0,11,716,1,False,False,False,3.0,False,2.4849066497880004,2.2192034840549946,innovaccer
7854,nThrive Global Solutions,Data Engineer,2,11.8,7.8,17.6,11,717,2,False,False,False,2.256410256410257,False,2.4849066497880004,2.5494451709255714,nthrive global solutions
7944,AI Touch,Data Engineer,0,2.3,2.0,3.0,11,718,0,False,False,False,1.5,False,2.4849066497880004,1.1939224684724346,ai touch
8022,Autodesk,Data Engineer,0,26.5,6.4,40.0,11,719,0,False,False,False,6.25,True,2.4849066497880004,3.3141860046725258,autodesk
6985,Knoema IT Solutions,Data Engineer,0,3.3,2.0,4.1,11,720,0,False,False,False,2.05,False,2.4849066497880004,1.4586150226995167,knoema it solutions
5736,Ecolab Digital Center,Data Engineer,2,11.5,8.5,18.0,11,721,2,False,False,False,2.1176470588235294,False,2.4849066497880004,2.5257286443082556,ecolab digital center
7251,Apple,Data Engineer,3,25.0,17.0,35.0,11,722,3,False,False,False,2.0588235294117645,False,2.4849066497880004,3.258096538021482,apple
6029,AVASOFT,Data Engineer,0,4.0,3.5,4.9,10,723,0,False,False,False,1.4000000000000001,False,2.3978952727983707,1.6094379124341003,avasoft
8998,i2e Consulting,Data Engineer,2,13.1,9.0,16.5,10,724,2,False,False,False,1.8333333333333333,False,2.3978952727983707,2.6461747973841225,i2e consulting
2834,Birlasoft,Data Engineer,2,11.1,5.2,20.1,10,725,2,False,False,False,3.8653846153846154,False,2.3978952727983707,2.4932054526026954,birlasoft
5859,EPAM Systems,Data Engineer,4,17.3,8.8,24.0,10,726,4,False,False,False,2.727272727272727,False,2.3978952727983707,2.9069010598473755,epam systems
5390,Xyz Company,Data Engineer,1,12.3,6.0,21.0,10,727,1,False,False,False,3.5,False,2.3978952727983707,2.5877640352277083,xyz company
2744,Colgate Palmolive,Data Engineer,1,10.7,6.0,15.0,10,728,1,False,False,False,2.5,False,2.3978952727983707,2.4595888418037104,colgate palmolive
7828,BCG,Data Engineer,2,17.2,14.5,19.5,10,729,2,False,False,False,1.3448275862068966,False,2.3978952727983707,2.9014215940827497,bcg
5835,Apisero,Data Engineer,1,13.5,8.0,18.0,10,730,1,False,False,False,2.25,False,2.3978952727983707,2.6741486494265287,apisero
5599,Fidelity Investment,Data Engineer,1,13.3,11.0,16.7,10,731,1,False,False,False,1.518181818181818,False,2.3978952727983707,2.6602595372658615,fidelity investment
7336,Oracle,Data Engineer,2,14.6,7.0,25.0,10,732,2,False,False,False,3.5714285714285716,False,2.3978952727983707,2.747270914255491,oracle
2072,Accion Labs,Data Engineer,3,18.1,8.0,30.0,9,733,3,False,False,False,3.75,False,2.302585092994046,2.9496883350525844,accion labs
5169,Dun & Bradstreet,Data Engineer,3,11.4,8.6,15.4,9,734,3,False,False,False,1.7906976744186047,False,2.302585092994046,2.517696472610991,dun bradstreet
6912,Webhelp,Data Engineer,3,10.7,8.5,14.0,9,735,3,False,False,False,1.6470588235294117,False,2.302585092994046,2.4595888418037104,webhelp
5376,Ags Infotech,Data Engineer,2,5.0,4.4,5.5,9,736,2,False,False,False,1.25,False,2.302585092994046,1.791759469228055,ags infotech
6069,Synechron,Data Engineer,4,17.3,12.5,24.0,9,737,4,False,False,False,1.92,False,2.302585092994046,2.9069010598473755,synechron
4641,GEP Worldwide,Data Engineer,2,13.0,10.1,15.0,9,738,2,False,False,False,1.4851485148514851,False,2.302585092994046,2.6390573296152584,gep worldwide
4668,Principal Global Services,Data Engineer,1,10.2,9.5,11.1,9,739,1,False,False,False,1.1684210526315788,False,2.302585092994046,2.4159137783010487,principal global services
3137,Algonomy,Data Engineer,1,7.5,5.0,13.6,9,740,1,False,False,False,2.7199999999999998,False,2.302585092994046,2.1400661634962708,algonomy
5165,Sigmoid Analytics,Data Engineer,1,15.0,12.8,18.5,9,741,1,False,False,False,1.4453125,False,2.302585092994046,2.772588722239781,sigmoid analytics
5935,Vodafone Idea,Data Engineer,1,11.2,2.1,18.0,9,742,1,False,False,False,8.571428571428571,True,2.302585092994046,2.501435951739211,vodafone idea
5048,Clairvoyant India,Data Engineer,2,10.5,5.0,17.0,9,743,2,False,False,False,3.4,False,2.302585092994046,2.4423470353692043,clairvoyant india
7774,Aktrix Technologies,Data Engineer,0,4.1,3.0,5.5,9,744,0,False,False,False,1.8333333333333333,False,2.302585092994046,1.62924053973028,aktrix technologies
6283,ThoughtWorks,Data Engineer,1,15.7,10.0,19.4,9,745,1,False,False,False,1.94,False,2.302585092994046,2.8154087194227095,thoughtworks
8752,DUNNHUMBY IT SERVICES INDIA,Data Engineer,1,11.9,9.0,14.9,9,746,1,False,False,False,1.6555555555555557,False,2.302585092994046,2.5572273113676265,dunnhumby it services india
8937,Baker Hughes,Data Engineer,3,14.8,12.0,16.5,9,747,3,False,False,False,1.375,False,2.302585092994046,2.760009940032921,baker hughes
1144,Denodo Technologies,Data Engineer,0,8.0,6.0,10.5,9,748,0,False,False,False,1.75,False,2.302585092994046,2.1972245773362196,denodo technologies
8625,Hashedin By Deloitte,Data Engineer,2,15.0,11.1,19.0,9,749,2,False,False,False,1.7117117117117118,False,2.302585092994046,2.772588722239781,hashedin by deloitte
5240,Red Hat,Data Engineer,2,12.4,4.5,17.6,8,750,2,False,False,False,3.9111111111111114,False,2.1972245773362196,2.5952547069568657,red hat
3833,HDFC Bank,Data Engineer,2,9.0,6.5,12.5,8,751,2,False,False,False,1.9230769230769231,False,2.1972245773362196,2.302585092994046,hdfc bank
4637,Accenture,Senior Data Scientist,3,18.9,10.5,30.5,80,752,3,True,False,False,2.9047619047619047,False,4.394449154672439,2.990719731730447,accenture
6847,TCS,Senior Data Scientist,4,16.7,8.6,30.0,79,753,4,True,False,False,3.488372093023256,False,4.382026634673881,2.8735646395797834,tcs
8996,Cognizant,Senior Data Scientist,4,17.9,12.0,25.2,57,754,4,True,False,False,2.1,False,4.060443010546419,2.9391619220655967,cognizant
5663,Fractal Analytics,Senior Data Scientist,4,25.6,18.0,32.0,47,755,4,True,False,False,1.7777777777777777,False,3.871201010907891,3.2809112157876537,fractal analytics
6528,Ab Inbev,Senior Data Scientist,3,28.0,22.0,35.0,44,756,3,True,False,False,1.5909090909090908,False,3.8066624897703196,3.367295829986474,ab inbev
1748,Wipro,Senior Data Scientist,4,16.1,8.0,30.0,43,757,4,True,False,False,3.75,False,3.784189633918261,2.8390784635086144,wipro
6043,Deloitte,Senior Data Scientist,5,21.2,14.0,35.0,42,758,5+,True,False,False,2.5,False,3.7612001156935624,3.100092288878234,deloitte
6193,Walmart,Senior Data Scientist,5,43.0,30.0,65.0,32,759,5+,True,False,False,2.1666666666666665,False,3.4965075614664802,3.784189633918261,walmart
2608,Amazon,Senior Data Scientist,5,41.5,26.0,75.0,30,760,5+,True,False,False,2.8846153846153846,False,3.4339872044851463,3.7495040759303713,amazon
3673,UnitedHealth,Senior Data Scientist,4,23.0,15.6,30.5,30,761,4,True,False,False,1.955128205128205,False,3.4339872044851463,3.1780538303479458,unitedhealth
4333,Ernst & Young,Senior Data Scientist,4,21.4,15.0,30.0,29,762,4,True,False,False,2.0,False,3.4011973816621555,3.109060958860994,ernst young
2627,Optum,Senior Data Scientist,5,26.2,18.0,36.0,28,763,5+,True,False,False,2.0,False,3.367295829986474,3.3032169733019514,optum
3051,Impact Analytics,Senior Data Scientist,2,13.4,9.0,19.0,28,764,2,True,False,False,2.111111111111111,False,3.367295829986474,2.667228206581955,impact analytics
1513,Incedo,Senior Data Scientist,3,18.9,15.0,25.0,26,765,3,True,False,False,1.6666666666666667,False,3.295836866004329,2.990719731730447,incedo
5422,IBM,Senior Data Scientist,5,24.4,14.0,36.0,25,766,5+,True,False,False,2.5714285714285716,False,3.258096538021482,3.2347491740244907,ibm
2450,Target,Senior Data Scientist,2,23.8,15.5,30.0,25,767,2,True,False,False,1.935483870967742,False,3.258096538021482,3.2108436531709366,target
7062,Infosys,Senior Data Scientist,4,18.1,9.0,30.0,25,768,4,True,False,False,3.3333333333333335,False,3.258096538021482,2.9496883350525844,infosys
5031,TVS Credit Services,Senior Data Scientist,4,14.7,11.5,21.0,24,769,4,True,False,False,1.826086956521739,False,3.2188758248682006,2.7536607123542622,tvs credit services
6880,Ericsson,Senior Data Scientist,7,30.2,14.2,50.6,22,770,5+,True,False,False,3.563380281690141,False,3.1354942159291497,3.4404180948154366,ericsson
4852,Microsoft Corporation,Senior Data Scientist,4,56.4,30.0,100.0,22,771,4,True,False,False,3.3333333333333335,False,3.1354942159291497,4.050044303325521,microsoft corporation
2822,HCL Technologies,Senior Data Scientist,4,19.3,14.4,25.0,22,772,4,True,False,False,1.7361111111111112,False,3.1354942159291497,3.0106208860477417,hcl technologies
1796,Capgemini,Senior Data Scientist,4,16.8,11.5,26.0,22,773,4,True,False,False,2.260869565217391,False,3.1354942159291497,2.8791984572980396,capgemini
4469,Dunnhumby,Senior Data Scientist,3,15.4,12.0,22.0,21,774,3,True,False,False,1.8333333333333333,False,3.091042453358316,2.797281334830153,dunnhumby
1406,Birlasoft,Senior Data Scientist,3,14.3,8.0,22.3,20,775,3,True,False,False,2.7875,False,3.044522437723423,2.72785282839839,birlasoft
2826,Tech Mahindra,Senior Data Scientist,4,16.4,7.1,25.0,20,776,4,True,False,False,3.5211267605633805,False,3.044522437723423,2.856470206220483,tech mahindra
5305,Affine Analytics,Senior Data Scientist,1,9.9,7.6,16.0,20,777,1,True,True,False,2.1052631578947367,False,3.044522437723423,2.388762789235098,affine analytics
4608,Wolters Kluwer,Senior Data Scientist,6,23.7,18.0,30.0,19,778,5+,True,False,False,1.6666666666666667,False,2.995732273553991,3.2068032436339315,wolters kluwer
1636,Harman Connected Services,Senior Data Scientist,4,16.0,11.5,22.0,19,779,4,True,False,False,1.9130434782608696,False,2.995732273553991,2.833213344056216,harman connected services
4035,L&T Infotech,Senior Data Scientist,2,20.0,12.3,28.0,19,780,2,True,False,False,2.2764227642276422,False,2.995732273553991,3.044522437723423,lt infotech
4536,Reliance jio,Senior Data Scientist,4,30.0,18.5,46.0,18,781,4,True,False,False,2.4864864864864864,False,2.9444389791664403,3.4339872044851463,reliance jio
7545,Sapient Corporation,Senior Data Scientist,2,21.1,14.2,28.5,18,782,2,True,False,False,2.007042253521127,False,2.9444389791664403,3.095577608523707,sapient corporation
4871,Coforge,Senior Data Scientist,4,15.0,15.0,15.2,18,783,4,True,False,False,1.0133333333333332,False,2.9444389791664403,2.772588722239781,coforge
3769,Lowe's,Senior Data Scientist,4,25.0,16.0,33.0,17,784,4,True,False,False,2.0625,False,2.8903717578961645,3.258096538021482,lowes
5206,Blue Yonder,Senior Data Scientist,2,31.6,18.0,50.0,17,785,2,True,False,False,2.7777777777777777,False,2.8903717578961645,3.484312288372662,blue yonder
2399,Bosch Global Software Technologies,Senior Data Scientist,2,24.1,16.1,30.0,16,786,2,True,False,False,1.8633540372670805,False,2.833213344056216,3.2228678461377385,bosch global software technologies
5977,Nielsen,Senior Data Scientist,2,9.9,7.9,13.7,16,787,2,True,False,False,1.7341772151898733,False,2.833213344056216,2.388762789235098,nielsen
8313,Oracle,Senior Data Scientist,3,25.2,20.0,37.0,16,788,3,True,False,False,1.85,False,2.833213344056216,3.265759410767051,oracle
1048,Happiest Minds Technologies,Senior Data Scientist,5,16.4,9.0,26.0,15,789,5+,True,False,False,2.888888888888889,False,2.772588722239781,2.856470206220483,happiest minds technologies
6876,DXC Technology,Senior Data Scientist,7,17.1,11.0,25.0,15,790,5+,True,False,False,2.272727272727273,False,2.772588722239781,2.89591193827178,dxc technology
8746,PayPal,Senior Data Scientist,6,40.7,30.0,45.0,15,791,5+,True,False,False,1.5,False,2.772588722239781,3.730501128804756,paypal
3412,Citibank,Senior Data Scientist,4,22.8,16.0,30.0,15,792,4,True,False,False,1.875,False,2.772588722239781,3.169685580677429,citibank
3232,Innominds Software,Senior Data Scientist,4,18.6,13.5,27.5,14,793,4,True,False,False,2.037037037037037,False,2.70805020110221,2.975529566236472,innominds software
7628,Bajaj Finserv,Senior Data Scientist,1,17.6,10.0,27.8,14,794,1,True,True,False,2.7800000000000002,False,2.70805020110221,2.9231615807191558,bajaj finserv
6757,Honeywell Technology Solutions,Senior Data Scientist,2,18.4,10.0,35.0,14,795,2,True,False,False,3.5,False,2.70805020110221,2.9652730660692823,honeywell technology solutions
8691,eClerx,Senior Data Scientist,2,15.3,11.0,21.6,14,796,2,True,False,False,1.9636363636363638,False,2.70805020110221,2.791165107812717,eclerx
2056,VMware Software,Senior Data Scientist,2,23.1,16.0,36.5,14,797,2,True,False,False,2.28125,False,2.70805020110221,3.1822118404966093,vmware software
3305,PwC,Senior Data Scientist,4,21.2,13.0,30.0,14,798,4,True,False,False,2.3076923076923075,False,2.70805020110221,3.100092288878234,pwc
3024,EXL Service,Senior Data Scientist,3,19.5,14.5,30.0,13,799,3,True,False,False,2.0689655172413794,False,2.6390573296152584,3.0204248861443626,exl service
6387,Mercedes-Benz Research & Development India,Senior Data Scientist,3,18.0,10.0,35.0,13,800,3,True,False,False,3.5,False,2.6390573296152584,2.9444389791664403,mercedesbenz research development india
3184,Mindtree,Senior Data Scientist,5,17.8,9.0,28.1,13,801,5+,True,False,False,3.1222222222222222,False,2.6390573296152584,2.9338568698359038,mindtree
2768,Wells Fargo India,Senior Data Scientist,5,23.1,14.0,30.0,13,802,5+,True,False,False,2.142857142857143,False,2.6390573296152584,3.1822118404966093,wells fargo india
8216,Genpact,Senior Data Scientist,4,24.2,10.0,35.0,12,803,4,True,False,False,3.5,False,2.5649493574615367,3.2268439945173775,genpact
7790,Course5,Senior Data Scientist,3,11.7,9.0,17.0,12,804,3,True,False,False,1.8888888888888888,False,2.5649493574615367,2.5416019934645457,course5
6413,JP Morgan Chase,Senior Data Scientist,5,27.7,14.0,51.0,12,805,5+,True,False,False,3.642857142857143,False,2.5649493574615367,3.3568971227655755,jp morgan chase
5608,MasterCard,Senior Data Scientist,2,25.5,18.2,36.0,12,806,2,True,False,False,1.978021978021978,False,2.5649493574615367,3.2771447329921766,mastercard
3133,GE Healthcare,Senior Data Scientist,3,28.0,24.0,33.0,11,807,3,True,False,False,1.375,False,2.4849066497880004,3.367295829986474,ge healthcare
6009,IHS Markit,Senior Data Scientist,5,22.5,16.0,29.0,11,808,5+,True,False,False,1.8125,False,2.4849066497880004,3.1570004211501135,ihs markit
5677,NIIT Technologies,Senior Data Scientist,2,15.3,15.0,16.0,11,809,2,True,False,False,1.0666666666666667,False,2.4849066497880004,2.791165107812717,niit technologies
8520,Gramener,Senior Data Scientist,2,14.4,10.0,20.8,11,810,2,True,False,False,2.08,False,2.4849066497880004,2.7343675094195836,gramener
8214,Ford Motor,Senior Data Scientist,4,17.6,16.4,19.5,11,811,4,True,False,False,1.1890243902439026,False,2.4849066497880004,2.9231615807191558,ford motor
5154,TheMathCompany,Senior Data Scientist,4,14.8,12.0,18.0,11,812,4,True,False,False,1.5,False,2.4849066497880004,2.760009940032921,themathcompany
8311,Legato Health Technologies,Senior Data Scientist,4,21.2,15.6,26.0,11,813,4,True,False,False,1.6666666666666667,False,2.4849066497880004,3.100092288878234,legato health technologies
4278,Dell,Senior Data Scientist,3,23.2,15.0,32.0,11,814,3,True,False,False,2.1333333333333333,False,2.4849066497880004,3.186352633162641,dell
7282,Great Learning,Senior Data Scientist,3,12.3,11.0,14.0,11,815,3,True,False,False,1.2727272727272727,False,2.4849066497880004,2.5877640352277083,great learning
1989,Morningstar,Senior Data Scientist,4,19.7,16.2,24.6,10,816,4,True,False,False,1.5185185185185186,False,2.3978952727983707,3.0301337002713233,morningstar
8572,Hewlett-Packard Enterprise,Senior Data Scientist,3,20.7,17.0,30.0,10,817,3,True,False,False,1.7647058823529411,False,2.3978952727983707,3.077312260546414,hewlettpackard enterprise
7915,Tredence,Senior Data Scientist,3,18.4,12.4,26.0,10,818,3,True,False,False,2.096774193548387,False,2.3978952727983707,2.9652730660692823,tredence
1971,UST,Senior Data Scientist,3,12.1,10.3,16.0,10,819,3,True,False,False,1.5533980582524272,False,2.3978952727983707,2.5726122302071057,ust
2856,ValueLabs,Senior Data Scientist,3,21.1,10.3,26.5,10,820,3,True,False,False,2.5728155339805823,False,2.3978952727983707,3.095577608523707,valuelabs
8839,Novartis Healthcare,Senior Data Scientist,5,30.5,16.0,51.0,10,821,5+,True,False,False,3.1875,False,2.3978952727983707,3.449987545831587,novartis healthcare
7769,Vodafone Idea,Senior Data Scientist,4,22.7,13.1,32.7,10,822,4,True,False,False,2.4961832061068705,False,2.3978952727983707,3.1654750481410856,vodafone idea
7832,Nagarro,Senior Data Scientist,2,18.0,14.3,25.0,10,823,2,True,False,False,1.7482517482517481,False,2.3978952727983707,2.9444389791664403,nagarro
8202,HERE Technologies,Senior Data Scientist,6,27.1,22.5,30.0,9,824,5+,True,False,False,1.3333333333333333,False,2.302585092994046,3.3357695763397,here technologies
1426,Globant,Senior Data Scientist,2,17.8,13.0,26.0,9,825,2,True,False,False,2.0,False,2.302585092994046,2.9338568698359038,globant
4581,Baker Hughes,Senior Data Scientist,3,27.4,23.0,32.0,9,826,3,True,False,False,1.391304347826087,False,2.302585092994046,3.3463891451671604,baker hughes
7782,Tiger Analytics,Senior Data Scientist,5,22.2,18.0,27.5,9,827,5+,True,False,False,1.5277777777777777,False,2.302585092994046,3.1441522786722644,tiger analytics
6515,Epsilon,Senior Data Scientist,4,23.2,19.0,26.0,8,828,4,True,False,False,1.368421052631579,False,2.1972245773362196,3.186352633162641,epsilon
7872,AntWorks,Senior Data Scientist,3,20.6,14.0,30.0,8,829,3,True,False,False,2.142857142857143,False,2.1972245773362196,3.0726933146901194,antworks
5128,Altimetrik,Senior Data Scientist,4,18.3,12.0,26.0,8,830,4,True,False,False,2.1666666666666665,False,2.1972245773362196,2.9601050959108397,altimetrik
8414,Info Edge,Senior Data Scientist,1,30.9,21.0,37.0,8,831,1,True,True,False,1.7619047619047619,False,2.1972245773362196,3.462606009790799,info edge
8715,Sigmoid Analytics,Senior Data Scientist,2,22.5,15.0,30.0,8,832,2,True,False,False,2.0,False,2.1972245773362196,3.1570004211501135,sigmoid analytics
4765,Eli Lilly and Company,Senior Data Scientist,4,26.8,22.5,32.0,8,833,4,True,False,False,1.4222222222222223,False,2.1972245773362196,3.3250360206965914,eli lilly and company
1857,Lam Research,Senior Data Scientist,3,16.5,13.9,20.0,8,834,3,True,False,False,1.4388489208633093,False,2.1972245773362196,2.8622008809294686,lam research
2400,GE Aviation,Senior Data Scientist,5,22.1,14.5,29.0,8,835,5+,True,False,False,2.0,False,2.1972245773362196,3.139832617527748,ge aviation
5007,Iris Software,Senior Data Scientist,6,23.0,17.0,27.0,8,836,5+,True,False,False,1.588235294117647,False,2.1972245773362196,3.1780538303479458,iris software
1303,Claim Genius,Senior Data Scientist,3,21.4,18.4,27.0,8,837,3,True,False,False,1.4673913043478262,False,2.1972245773362196,3.109060958860994,claim genius
6735,ZS,Senior Data Scientist,1,18.0,14.5,24.0,8,838,1,True,True,False,1.6551724137931034,False,2.1972245773362196,2.9444389791664403,zs
7619,Mphasis,Senior Data Scientist,2,13.3,11.0,15.4,8,839,2,True,False,False,1.4000000000000001,False,2.1972245773362196,2.6602595372658615,mphasis
8261,NielsenIQ,Senior Data Scientist,3,8.7,8.0,9.4,8,840,3,True,False,False,1.175,False,2.1972245773362196,2.272125885509337,nielseniq
1570,Mu Sigma,Senior Data Scientist,3,14.5,12.3,15.0,7,841,3,True,False,False,1.2195121951219512,False,2.0794415416798357,2.740840023925201,mu sigma
6276,BNY Mellon,Senior Data Scientist,1,16.9,5.2,25.0,7,842,1,True,True,False,4.8076923076923075,False,2.0794415416798357,2.884800712846709,bny mellon
3583,Yash Technologies,Senior Data Scientist,5,18.4,12.1,23.5,7,843,5+,True,False,False,1.9421487603305785,False,2.0794415416798357,2.9652730660692823,yash technologies
8310,Franklin Templeton Investments,Senior Data Scientist,7,27.3,22.0,32.0,7,844,5+,True,False,False,1.4545454545454546,False,2.0794415416798357,3.342861804649192,franklin templeton investments
5918,Philips,Senior Data Scientist,5,22.6,19.0,25.9,7,845,5+,True,False,False,1.3631578947368421,False,2.0794415416798357,3.1612467120315646,philips
8828,DBS Bank,Senior Data Scientist,4,20.6,16.5,25.0,7,846,4,True,False,False,1.5151515151515151,False,2.0794415416798357,3.0726933146901194,dbs bank
5587,International School of Engineering,Senior Data Scientist,9,20.2,15.0,25.0,7,847,5+,True,False,False,1.6666666666666667,False,2.0794415416798357,3.054001181677967,international school of engineering
4169,Johnson Controls,Senior Data Scientist,4,25.1,18.5,32.0,7,848,4,True,False,False,1.7297297297297298,False,2.0794415416798357,3.261935314328648,johnson controls
1175,Bajaj Finance,Senior Data Scientist,1,20.0,16.0,30.0,7,849,1,True,True,False,1.875,False,2.0794415416798357,3.044522437723423,bajaj finance
4121,Ganit Business Solutions,Senior Data Scientist,5,18.9,15.5,21.5,7,850,5+,True,False,False,1.3870967741935485,False,2.0794415416798357,2.990719731730447,ganit business solutions
2917,Xoriant,Senior Data Scientist,6,18.6,15.0,23.5,7,851,5+,True,False,False,1.5666666666666667,False,2.0794415416798357,2.975529566236472,xoriant
1792,o9 Solutions,Senior Data Scientist,4,21.5,13.5,28.0,7,852,4,True,False,False,2.074074074074074,False,2.0794415416798357,3.1135153092103742,o9 solutions
8525,Verizon,Senior Data Scientist,7,26.7,11.0,37.0,6,853,5+,True,False,False,3.3636363636363638,False,1.9459101490553132,3.3214324131932926,verizon
7251,Shell,Senior Data Scientist,6,29.8,22.0,35.5,6,854,5+,True,False,False,1.6136363636363635,False,1.9459101490553132,3.427514689979529,shell
7877,Zensar Technologies,Senior Data Scientist,4,18.2,14.0,22.0,6,855,4,True,False,False,1.5714285714285714,False,1.9459101490553132,2.954910279033736,zensar technologies
3689,McKinsey & Company,Senior Data Scientist,6,18.2,1.0,31.0,6,856,5+,True,False,False,31.0,True,1.9459101490553132,2.954910279033736,mckinsey company
6252,Apexon,Senior Data Scientist,4,10.3,9.0,11.1,6,857,4,True,False,False,1.2333333333333334,False,1.9459101490553132,2.424802725718295,apexon
4268,GE,Senior Data Scientist,4,23.1,16.0,30.0,6,858,4,True,False,False,1.875,False,1.9459101490553132,3.1822118404966093,ge
5440,Johnson & Johnson,Senior Data Scientist,5,24.1,17.0,35.0,6,859,5+,True,False,False,2.0588235294117645,False,1.9459101490553132,3.2228678461377385,johnson johnson
1127,Cerner,Senior Data Scientist,6,28.9,23.7,35.8,6,860,5+,True,False,False,1.510548523206751,False,1.9459101490553132,3.3978584803966405,cerner
1233,Algonomy,Senior Data Scientist,2,28.3,23.0,32.0,6,861,2,True,False,False,1.391304347826087,False,1.9459101490553132,3.3775875160230218,algonomy
2330,Ecolab Food Safety & Hygiene Solutions,Senior Data Scientist,4,13.9,11.5,18.0,6,862,4,True,False,False,1.565217391304348,False,1.9459101490553132,2.7013612129514133,ecolab food safety hygiene solutions
6063,L&T Technology Services,Senior Data Scientist,4,15.2,9.0,24.0,6,863,4,True,False,False,2.6666666666666665,False,1.9459101490553132,2.785011242238338,lt technology services
3956,American Express,Senior Data Scientist,3,23.3,22.0,25.1,6,864,3,True,False,False,1.1409090909090909,False,1.9459101490553132,3.190476350346503,american express
4716,Yum!,Senior Data Scientist,2,15.3,11.0,17.8,6,865,2,True,False,False,1.6181818181818182,False,1.9459101490553132,2.791165107812717,yum
8277,Indium Software,Senior Data Scientist,2,14.5,8.8,20.0,6,866,2,True,False,False,2.2727272727272725,False,1.9459101490553132,2.740840023925201,indium software
6415,Cummins,Senior Data Scientist,3,23.2,17.8,29.9,6,867,3,True,False,False,1.6797752808988762,False,1.9459101490553132,3.186352633162641,cummins
5071,Eversana,Senior Data Scientist,4,14.3,12.0,17.8,6,868,4,True,False,False,1.4833333333333334,False,1.9459101490553132,2.72785282839839,eversana
3850,Paytm,Senior Data Scientist,3,31.6,27.0,40.0,6,869,3,True,False,False,1.4814814814814814,False,1.9459101490553132,3.484312288372662,paytm
5470,Citicorp,Senior Data Scientist,6,28.3,21.0,35.0,6,870,5+,True,False,False,1.6666666666666667,False,1.9459101490553132,3.3775875160230218,citicorp
4053,Quantium Analytics,Senior Data Scientist,5,25.0,24.0,27.0,6,871,5+,True,False,False,1.125,False,1.9459101490553132,3.258096538021482,quantium analytics
1323,MKS Vision,Senior Data Scientist,7,18.1,15.0,22.0,6,872,5+,True,False,False,1.4666666666666666,False,1.9459101490553132,2.9496883350525844,mks vision
7743,Oyo Rooms,Senior Data Scientist,3,31.0,20.0,42.0,5,873,3,True,False,False,2.1,False,1.791759469228055,3.4657359027997265,oyo rooms
1930,Yodlee,Senior Data Scientist,2,32.1,27.0,36.0,5,874,2,True,False,False,1.3333333333333333,False,1.791759469228055,3.4995332823830174,yodlee
6013,CitiusTech,Senior Data Scientist,7,17.8,15.0,19.5,5,875,5+,True,False,False,1.3,False,1.791759469228055,2.9338568698359038,citiustech
6927,SAP,Senior Data Scientist,7,36.6,17.2,51.0,5,876,5+,True,False,False,2.9651162790697674,False,1.791759469228055,3.6270040503958487,sap
5030,Teleperformance,Senior Data Scientist,3,16.2,10.0,20.0,5,877,3,True,False,False,2.0,False,1.791759469228055,2.8449093838194073,teleperformance
2427,V2 Solutions,Senior Data Scientist,2,8.5,8.5,8.6,5,878,2,True,False,False,1.011764705882353,False,1.791759469228055,2.2512917986064953,v2 solutions
8211,Dun & Bradstreet,Senior Data Scientist,2,11.9,9.5,13.5,5,879,2,True,False,False,1.4210526315789473,False,1.791759469228055,2.5572273113676265,dun bradstreet
7934,Nvidia,Senior Data Scientist,2,21.3,10.0,28.0,5,880,2,True,False,False,2.8,False,1.791759469228055,3.104586678466073,nvidia
5531,AlgoAnalytics Financial Consultancy,Senior Data Scientist,3,18.9,16.5,20.7,5,881,3,True,False,False,1.2545454545454544,False,1.791759469228055,2.990719731730447,algoanalytics financial consultancy
8873,Reliance Industries,Senior Data Scientist,5,10.0,9.0,11.0,5,882,5+,True,False,False,1.2222222222222223,False,1.791759469228055,2.3978952727983707,reliance industries
3536,Scienaptic Systems,Senior Data Scientist,6,19.7,15.0,23.5,5,883,5+,True,False,False,1.5666666666666667,False,1.791759469228055,3.0301337002713233,scienaptic systems
8710,Freelance Consultants,Senior Data Scientist,7,31.7,18.6,42.0,5,884,5+,True,False,False,2.258064516129032,False,1.791759469228055,3.487375077903208,freelance consultants
1576,Decision Point,Senior Data Scientist,3,22.4,19.0,25.0,5,885,3,True,False,False,1.3157894736842106,False,1.791759469228055,3.152736022363656,decision point
7203,IDFC FIRST Bank,Senior Data Scientist,4,20.8,14.0,26.0,5,886,4,True,False,False,1.8571428571428572,False,1.791759469228055,3.0819099697950434,idfc first bank
8637,Thomson Reuters,Senior Data Scientist,4,18.4,10.0,27.5,5,887,4,True,False,False,2.75,False,1.791759469228055,2.9652730660692823,thomson reuters
6054,Synechron,Senior Data Scientist,3,12.0,9.5,16.0,5,888,3,True,False,False,1.6842105263157894,False,1.791759469228055,2.5649493574615367,synechron
5117,Akamai Technologies,Senior Data Scientist,4,27.3,22.5,34.0,5,889,4,True,False,False,1.511111111111111,False,1.791759469228055,3.342861804649192,akamai technologies
2993,Quest Global,Senior Data Scientist,4,22.8,14.0,41.0,5,890,4,True,False,False,2.9285714285714284,False,1.791759469228055,3.169685580677429,quest global
7783,GEP Worldwide,Senior Data Scientist,6,24.4,22.0,32.0,5,891,5+,True,False,False,1.4545454545454546,False,1.791759469228055,3.2347491740244907,gep worldwide
7361,Hinduja Global Solutions,Senior Data Scientist,3,15.6,4.0,24.7,5,892,3,True,False,False,6.175,True,1.791759469228055,2.8094026953624978,hinduja global solutions
7586,ACL Digital,Senior Data Scientist,3,18.8,10.7,25.0,5,893,3,True,False,False,2.336448598130841,False,1.791759469228055,2.9856819377004897,acl digital
7673,Innova Solutions,Senior Data Scientist,4,39.7,6.0,97.0,5,894,4,True,False,False,16.166666666666668,True,1.791759469228055,3.7062280924485496,innova solutions
8988,Automatic Data Processing,Senior Data Scientist,9,34.4,27.0,39.4,5,895,5+,True,False,False,1.4592592592592593,False,1.791759469228055,3.5667118201397288,automatic data processing
3559,Brillio,Senior Data Scientist,4,21.2,12.0,34.0,5,896,4,True,False,False,2.8333333333333335,False,1.791759469228055,3.100092288878234,brillio
8533,Boeing,Senior Data Scientist,8,27.6,25.2,30.0,5,897,5+,True,False,False,1.1904761904761905,False,1.791759469228055,3.353406717825807,boeing
3530,Flipkart,Senior Data Scientist,5,82.0,55.0,100.0,5,898,5+,True,False,False,1.8181818181818181,False,1.791759469228055,4.418840607796598,flipkart
7995,ITC Infotech India,Senior Data Scientist,3,14.9,12.0,18.5,5,899,3,True,False,False,1.5416666666666667,False,1.791759469228055,2.766319109226186,itc infotech india
7241,Decision Minds,Senior Data Scientist,5,19.0,13.0,22.4,5,900,5+,True,False,False,1.723076923076923,False,1.791759469228055,2.995732273553991,decision minds
8716,Neal Analytics,Senior Data Scientist,4,23.6,21.0,29.0,5,901,4,True,False,False,1.380952380952381,False,1.791759469228055,3.202746442938317,neal analytics
1258,HALODOC,Senior Data Scientist,2,27.4,18.0,38.0,5,902,2,True,False,False,2.111111111111111,False,1.791759469228055,3.3463891451671604,halodoc
7097,Samsung Research,Senior Data Scientist,2,31.7,20.5,40.0,5,903,2,True,False,False,1.951219512195122,False,1.791759469228055,3.487375077903208,samsung research
6705,Neewee Analytics,Senior Data Scientist,3,14.9,12.1,21.5,5,904,3,True,False,False,1.7768595041322315,False,1.791759469228055,2.766319109226186,neewee analytics
1953,Subex,Senior Data Scientist,4,25.2,11.8,37.0,5,905,4,True,False,False,3.1355932203389827,False,1.791759469228055,3.265759410767051,subex
6860,BCG,Senior Data Scientist,3,20.2,19.8,21.5,5,906,3,True,False,False,1.0858585858585859,False,1.791759469228055,3.054001181677967,bcg
8110,Hitachi Vantara,Senior Data Scientist,7,24.6,18.7,35.0,5,907,5+,True,False,False,1.8716577540106953,False,1.791759469228055,3.242592351485517,hitachi vantara
5292,ZF Group,Senior Data Scientist,2,16.8,14.5,20.3,5,908,2,True,False,False,1.4000000000000001,False,1.791759469228055,2.8791984572980396,zf group
1651,DUNNHUMBY IT SERVICES INDIA,Senior Data Scientist,2,12.3,11.0,15.0,5,909,2,True,False,False,1.3636363636363635,False,1.791759469228055,2.5877640352277083,dunnhumby it services india
7071,Decimal Point Analytics,Senior Data Scientist,2,20.2,12.2,24.0,5,910,2,True,False,False,1.9672131147540985,False,1.791759469228055,3.054001181677967,decimal point analytics
5831,Koch Business Solutions,Senior Data Scientist,4,39.6,23.0,51.0,5,911,4,True,False,False,2.217391304347826,False,1.791759469228055,3.703768066607687,koch business solutions
8995,Noodle.Ai,Senior Data Scientist,2,21.7,18.0,26.0,5,912,2,True,False,False,1.4444444444444444,False,1.791759469228055,3.122364924487357,noodleai
2410,Publicis,Senior Data Scientist,5,18.0,15.0,28.0,5,913,5+,True,False,False,1.8666666666666667,False,1.791759469228055,2.9444389791664403,publicis
3485,Ecolab Digital Center,Senior Data Scientist,4,22.7,19.3,26.1,5,914,4,True,False,False,1.3523316062176165,False,1.791759469228055,3.1654750481410856,ecolab digital center
6779,PepsiCo,Senior Data Scientist,8,29.5,19.0,39.5,5,915,5+,True,False,False,2.0789473684210527,False,1.791759469228055,3.417726683613366,pepsico
8055,TEKsystems,Senior Data Scientist,3,18.2,9.0,23.0,5,916,3,True,False,False,2.5555555555555554,False,1.791759469228055,2.954910279033736,teksystems
6706,Chubb Group,Senior Data Scientist,4,16.6,13.5,21.0,5,917,4,True,False,False,1.5555555555555556,False,1.791759469228055,2.8678989020441064,chubb group
4224,Amnet Digital,Senior Data Scientist,2,11.8,1.0,18.0,5,918,2,True,False,False,18.0,True,1.791759469228055,2.5494451709255714,amnet digital
7913,Blend360,Senior Data Scientist,5,30.4,26.3,35.0,5,919,5+,True,False,False,1.3307984790874525,False,1.791759469228055,3.4468078929142076,blend360
2607,Kyndryl,Senior Data Scientist,3,44.4,11.6,93.0,5,920,3,True,False,False,8.017241379310345,True,1.791759469228055,3.8155121050473024,kyndryl
6579,HSBC,Senior Data Scientist,0,24.6,22.0,28.0,5,921,0,True,True,False,1.2727272727272727,False,1.791759469228055,3.242592351485517,hsbc
6967,Chegg,Senior Data Scientist,3,32.2,29.9,35.0,5,922,3,True,False,False,1.1705685618729098,False,1.791759469228055,3.502549875922443,chegg
1872,First Source,Senior Data Scientist,10,29.0,28.0,30.0,4,923,5+,True,False,False,1.0714285714285714,False,1.6094379124341003,3.4011973816621555,first source
5957,Caterpillar Inc,Senior Data Scientist,9,22.8,20.3,24.0,4,924,5+,True,False,False,1.1822660098522166,False,1.6094379124341003,3.169685580677429,caterpillar inc
2963,Pitney Bowes,Senior Data Scientist,3,17.5,14.1,22.0,4,925,3,True,False,False,1.5602836879432624,False,1.6094379124341003,2.917770732084279,pitney bowes
5691,MSCI,Senior Data Scientist,6,38.4,35.4,42.0,4,926,5+,True,False,False,1.1864406779661016,False,1.6094379124341003,3.673765816303888,msci
7698,Accolite Digital,Senior Data Scientist,2,12.8,11.0,14.0,4,927,2,True,False,False,1.2727272727272727,False,1.6094379124341003,2.624668592163159,accolite digital
1187,Adobe,Senior Data Scientist,8,40.0,30.0,50.0,4,928,5+,True,False,False,1.6666666666666667,False,1.6094379124341003,3.713572066704308,adobe
5430,Omega Healthcare,Senior Data Scientist,7,14.1,10.8,15.8,4,929,5+,True,False,False,1.462962962962963,False,1.6094379124341003,2.714694743820879,omega healthcare
4444,Western Union,Senior Data Scientist,4,22.2,20.0,25.0,4,930,4,True,False,False,1.25,False,1.6094379124341003,3.1441522786722644,western union
3757,HDFC Bank,Senior Data Scientist,6,25.1,15.2,33.0,4,931,5+,True,False,False,2.1710526315789473,False,1.6094379124341003,3.261935314328648,hdfc bank
5615,Tata Motors,Senior Data Scientist,4,11.5,5.8,14.0,4,932,4,True,False,False,2.413793103448276,False,1.6094379124341003,2.5257286443082556,tata motors
1099,EdgeVerve Systems,Senior Data Scientist,5,20.4,12.0,27.5,4,933,5+,True,False,False,2.2916666666666665,False,1.6094379124341003,3.0633909220278057,edgeverve systems
3183,Aditya Birla Group,Senior Data Scientist,7,28.0,26.0,30.0,4,934,5+,True,False,False,1.1538461538461537,False,1.6094379124341003,3.367295829986474,aditya birla group
1012,Commonwealth Bank of Australia,Senior Data Scientist,4,31.8,27.0,35.0,4,935,4,True,False,False,1.2962962962962963,False,1.6094379124341003,3.490428515390098,commonwealth bank of australia
7529,Swiss Re,Senior Data Scientist,5,26.9,11.9,34.5,4,936,5+,True,False,False,2.899159663865546,False,1.6094379124341003,3.32862668882732,swiss re
3314,TCS,Senior Business Analyst,3,7.7,3.5,14.0,1100,937,3,True,False,False,4.0,False,7.00397413672268,2.163323025660538,tcs
5537,Accenture,Senior Business Analyst,3,10.3,5.5,15.4,1100,938,3,True,False,False,2.8000000000000003,False,7.00397413672268,2.424802725718295,accenture
5680,Evalueserve,Senior Business Analyst,2,9.8,7.1,13.8,1000,939,2,True,False,False,1.9436619718309862,False,6.90875477931522,2.379546134130174,evalueserve
2340,Cognizant,Senior Business Analyst,2,13.9,9.0,18.7,616,940,2,True,False,False,2.0777777777777775,False,6.424869023905388,2.7013612129514133,cognizant
3264,HCL Technologies,Senior Business Analyst,4,11.9,6.4,18.5,384,941,4,True,False,False,2.890625,False,5.953243334287785,2.5572273113676265,hcl technologies
7302,Tech Mahindra,Senior Business Analyst,4,9.9,5.5,16.5,382,942,4,True,False,False,3.0,False,5.948034989180646,2.388762789235098,tech mahindra
4176,EXL Service,Senior Business Analyst,2,8.8,6.2,12.0,308,943,2,True,False,False,1.9354838709677418,False,5.733341276897746,2.2823823856765264,exl service
8782,Wipro,Senior Business Analyst,4,12.8,6.1,22.0,280,944,4,True,False,False,3.6065573770491803,False,5.638354669333745,2.624668592163159,wipro
4282,Fidelity National Information Services,Senior Business Analyst,4,15.0,6.5,22.0,267,945,4,True,False,False,3.3846153846153846,False,5.5909869805108565,2.772588722239781,fidelity national information services
8284,Cgi Group,Senior Business Analyst,5,10.7,7.2,15.0,225,946,5+,True,False,False,2.0833333333333335,False,5.420534999272286,2.4595888418037104,cgi group
4066,L&T Infotech,Senior Business Analyst,3,11.7,7.0,17.3,223,947,3,True,False,False,2.4714285714285715,False,5.4116460518550396,2.5416019934645457,lt infotech
5476,HSBC,Senior Business Analyst,6,17.1,9.2,24.0,219,948,5+,True,False,False,2.608695652173913,False,5.393627546352362,2.89591193827178,hsbc
3490,Capgemini,Senior Business Analyst,2,11.6,4.5,20.0,213,949,2,True,False,False,4.444444444444445,False,5.365976015021851,2.533696813957432,capgemini
6916,Newgen Software Technologies,Senior Business Analyst,3,11.1,9.0,14.4,170,950,3,True,False,False,1.6,False,5.14166355650266,2.4932054526026954,newgen software technologies
5322,IBM,Senior Business Analyst,3,12.4,5.1,22.0,158,951,3,True,False,False,4.313725490196079,False,5.0689042022202315,2.5952547069568657,ibm
2591,Quantiphi Analytics Solutions,Senior Business Analyst,2,15.0,11.3,19.0,152,952,2,True,False,False,1.6814159292035398,False,5.030437921392435,2.772588722239781,quantiphi analytics solutions
4115,Tredence,Senior Business Analyst,2,11.2,9.0,14.0,150,953,2,True,False,False,1.5555555555555556,False,5.017279836814924,2.501435951739211,tredence
6000,Conduent,Senior Business Analyst,4,8.8,6.0,13.0,146,954,4,True,False,False,2.1666666666666665,False,4.990432586778736,2.2823823856765264,conduent
3354,Temenos,Senior Business Analyst,5,13.2,9.5,17.1,145,955,5+,True,False,False,1.8,False,4.983606621708336,2.653241964607215,temenos
6839,Amadeus,Senior Business Analyst,4,14.8,12.0,18.5,128,956,4,True,False,False,1.5416666666666667,False,4.859812404361672,2.760009940032921,amadeus
7669,Infosys,Senior Business Analyst,4,12.9,7.0,21.0,128,957,4,True,False,False,3.0,False,4.859812404361672,2.631888840136646,infosys
8148,American Express,Senior Business Analyst,2,9.2,5.0,18.5,118,958,2,True,False,False,3.7,False,4.77912349311153,2.322387720290225,american express
2355,Deloitte,Senior Business Analyst,3,11.5,6.8,20.0,118,959,3,True,False,False,2.9411764705882355,False,4.77912349311153,2.5257286443082556,deloitte
5271,DXC Technology,Senior Business Analyst,5,12.0,7.0,19.0,117,960,5+,True,False,False,2.7142857142857144,False,4.770684624465665,2.5649493574615367,dxc technology
2420,Ernst & Young,Senior Business Analyst,3,14.1,6.3,22.7,110,961,3,True,False,False,3.6031746031746033,False,4.709530201312334,2.714694743820879,ernst young
1879,Exl India,Senior Business Analyst,1,9.0,6.8,12.0,109,962,1,True,True,False,1.7647058823529411,False,4.700480365792417,2.302585092994046,exl india
2579,bnp paribas india solutions,Senior Business Analyst,6,14.6,8.6,21.0,94,963,5+,True,False,False,2.441860465116279,False,4.553876891600541,2.747270914255491,bnp paribas india solutions
5015,VMware Software,Senior Business Analyst,6,18.5,11.7,24.8,92,964,5+,True,False,False,2.1196581196581197,False,4.532599493153256,2.970414465569701,vmware software
4510,Zensar Technologies,Senior Business Analyst,5,12.1,7.5,19.5,91,965,5+,True,False,False,2.6,False,4.5217885770490405,2.5726122302071057,zensar technologies
1740,Ramco Systems,Senior Business Analyst,3,12.7,8.7,18.0,90,966,3,True,False,False,2.0689655172413794,False,4.51085950651685,2.617395832834079,ramco systems
3672,Dell,Senior Business Analyst,2,11.6,8.5,15.5,84,967,2,True,False,False,1.8235294117647058,False,4.442651256490317,2.533696813957432,dell
2044,JP Morgan Chase,Senior Business Analyst,4,12.3,5.1,23.0,84,968,4,True,False,False,4.509803921568627,False,4.442651256490317,2.5877640352277083,jp morgan chase
4426,UnitedHealth,Senior Business Analyst,3,12.5,7.0,19.2,83,969,3,True,False,False,2.742857142857143,False,4.430816798843313,2.6026896854443837,unitedhealth
6237,BNP Paribas,Senior Business Analyst,6,15.8,9.5,24.0,82,970,5+,True,False,False,2.526315789473684,False,4.418840607796598,2.8213788864092133,bnp paribas
8896,NTT DATA,Senior Business Analyst,4,10.9,6.1,19.0,80,971,4,True,False,False,3.114754098360656,False,4.394449154672439,2.4765384001174837,ntt data
5686,Flipkart,Senior Business Analyst,3,20.4,14.0,27.5,79,972,3,True,False,False,1.9642857142857142,False,4.382026634673881,3.0633909220278057,flipkart
8628,Oracle,Senior Business Analyst,4,10.2,5.1,22.0,79,973,4,True,False,False,4.313725490196079,False,4.382026634673881,2.4159137783010487,oracle
8681,Merkle Sokrati,Senior Business Analyst,1,7.0,6.2,8.4,76,974,1,True,True,False,1.3548387096774195,False,4.343805421853684,2.0794415416798357,merkle sokrati
7222,Societe Generale,Senior Business Analyst,5,15.2,7.1,22.5,74,975,5+,True,False,False,3.1690140845070425,False,4.31748811353631,2.785011242238338,societe generale
3712,NatWest Group,Senior Business Analyst,3,11.1,4.3,23.2,71,976,3,True,False,False,5.395348837209302,True,4.276666119016055,2.4932054526026954,natwest group
5392,Allianz Technology,Senior Business Analyst,5,11.9,8.0,16.0,69,977,5+,True,False,False,2.0,False,4.248495242049359,2.5572273113676265,allianz technology
6869,Hexaware Technologies,Senior Business Analyst,4,9.7,4.0,19.0,68,978,4,True,False,False,4.75,False,4.23410650459726,2.3702437414678603,hexaware technologies
5065,Amazon,Senior Business Analyst,3,20.1,4.5,30.0,67,979,3,True,False,False,6.666666666666667,True,4.219507705176107,3.0492730404820207,amazon
4438,EPAM Systems,Senior Business Analyst,7,21.9,17.0,25.5,64,980,5+,True,False,False,1.5,False,4.174387269895637,3.131136910560194,epam systems
7547,Deutsche Bank,Senior Business Analyst,4,7.2,5.0,12.5,64,981,4,True,False,False,2.5,False,4.174387269895637,2.1041341542702074,deutsche bank
5261,BNY Mellon,Senior Business Analyst,4,8.7,5.1,15.0,63,982,4,True,False,False,2.9411764705882355,False,4.1588830833596715,2.272125885509337,bny mellon
7279,Legato Health Technologies,Senior Business Analyst,5,14.6,9.4,20.0,63,983,5+,True,False,False,2.127659574468085,False,4.1588830833596715,2.747270914255491,legato health technologies
8217,Iris Software,Senior Business Analyst,7,20.5,15.5,27.0,63,984,5+,True,False,False,1.7419354838709677,False,4.1588830833596715,3.068052935133617,iris software
8704,NetCracker,Senior Business Analyst,10,28.0,21.0,36.0,62,985,5+,True,False,False,1.7142857142857142,False,4.143134726391533,3.367295829986474,netcracker
7026,Globant,Senior Business Analyst,5,16.7,12.7,20.8,62,986,5+,True,False,False,1.6377952755905514,False,4.143134726391533,2.8735646395797834,globant
6295,Genpact,Senior Business Analyst,3,8.0,4.1,16.4,62,987,3,True,False,False,4.0,False,4.143134726391533,2.1972245773362196,genpact
6209,Broadridge Financial Solutions,Senior Business Analyst,3,10.8,7.2,16.0,62,988,3,True,False,False,2.2222222222222223,False,4.143134726391533,2.468099531471619,broadridge financial solutions
6702,Credit Suisse,Senior Business Analyst,4,16.3,10.0,23.4,62,989,4,True,False,False,2.34,False,4.143134726391533,2.8507065015037334,credit suisse
1245,Tiger Analytics,Senior Business Analyst,2,13.8,11.5,15.0,61,990,2,True,False,False,1.3043478260869565,False,4.127134385045092,2.6946271807700692,tiger analytics
4222,Novartis Healthcare,Senior Business Analyst,3,13.0,9.5,18.0,58,991,3,True,False,False,1.894736842105263,False,4.07753744390572,2.6390573296152584,novartis healthcare
6565,Standard Chartered Bank,Senior Business Analyst,3,15.0,4.1,30.0,56,992,3,True,False,False,7.317073170731708,True,4.04305126783455,2.772588722239781,standard chartered bank
5672,Wells Fargo India,Senior Business Analyst,5,15.5,8.5,23.6,55,993,5+,True,False,False,2.7764705882352945,False,4.02535169073515,2.803360380906535,wells fargo india
8626,Shell,Senior Business Analyst,7,25.6,15.5,35.2,53,994,5+,True,False,False,2.270967741935484,False,3.9889840465642745,3.2809112157876537,shell
4665,Synechron,Senior Business Analyst,6,17.6,9.8,25.0,53,995,5+,True,False,False,2.5510204081632653,False,3.9889840465642745,2.9231615807191558,synechron
5949,GEP Worldwide,Senior Business Analyst,2,10.3,6.8,12.3,52,996,2,True,False,False,1.808823529411765,False,3.970291913552122,2.424802725718295,gep worldwide
2936,3i Infotech,Senior Business Analyst,4,10.8,6.9,16.1,51,997,4,True,False,False,2.3333333333333335,False,3.9512437185814275,2.468099531471619,3i infotech
3550,ValueMomentum,Senior Business Analyst,4,12.0,8.5,18.5,50,998,4,True,False,False,2.176470588235294,False,3.9318256327243257,2.5649493574615367,valuemomentum
1297,Mphasis,Senior Business Analyst,3,12.6,4.2,20.0,50,999,3,True,False,False,4.761904761904762,False,3.9318256327243257,2.6100697927420065,mphasis
5028,Capita,Senior Business Analyst,5,12.6,7.0,17.0,49,1000,5+,True,False,False,2.4285714285714284,False,3.912023005428146,2.6100697927420065,capita
6966,UST,Senior Business Analyst,5,13.4,9.0,20.0,49,1001,5+,True,False,False,2.2222222222222223,False,3.912023005428146,2.667228206581955,ust
5855,Citicorp,Senior Business Analyst,3,15.7,6.0,25.0,49,1002,3,True,False,False,4.166666666666667,False,3.912023005428146,2.8154087194227095,citicorp
8478,Optum,Senior Business Analyst,4,13.3,5.5,19.8,47,1003,4,True,False,False,3.6,False,3.871201010907891,2.6602595372658615,optum
2785,Barclays,Senior Business Analyst,3,14.2,7.1,22.7,47,1004,3,True,False,False,3.1971830985915495,False,3.871201010907891,2.7212954278522306,barclays
4269,IQVIA,Senior Business Analyst,5,17.7,11.3,26.5,47,1005,5+,True,False,False,2.3451327433628317,False,3.871201010907891,2.928523523860541,iqvia
1209,Epsilon,Senior Business Analyst,5,14.5,10.0,18.2,46,1006,5+,True,False,False,1.8199999999999998,False,3.8501476017100584,2.740840023925201,epsilon
4031,Etech Global Services,Senior Business Analyst,3,9.2,7.0,12.1,46,1007,3,True,False,False,1.7285714285714284,False,3.8501476017100584,2.322387720290225,etech global services
2872,Sapiens,Senior Business Analyst,5,18.0,13.8,22.7,44,1008,5+,True,False,False,1.6449275362318838,False,3.8066624897703196,2.9444389791664403,sapiens
8625,Concentrix Corporation,Senior Business Analyst,2,3.7,2.7,6.2,43,1009,2,True,False,False,2.2962962962962963,False,3.784189633918261,1.547562508716013,concentrix corporation
4805,IBS Software Services,Senior Business Analyst,2,6.2,4.3,8.3,42,1010,2,True,False,False,1.9302325581395352,False,3.7612001156935624,1.9740810260220096,ibs software services
5531,Hewlett-Packard Enterprise,Senior Business Analyst,3,7.9,3.6,16.0,42,1011,3,True,False,False,4.444444444444445,False,3.7612001156935624,2.186051276738094,hewlettpackard enterprise
7625,WNS,Senior Business Analyst,2,6.5,3.0,13.6,42,1012,2,True,False,False,4.533333333333333,False,3.7612001156935624,2.0149030205422647,wns
3384,eClerx,Senior Business Analyst,2,4.2,3.2,6.0,42,1013,2,True,False,False,1.875,False,3.7612001156935624,1.6486586255873816,eclerx
3526,Citibank,Senior Business Analyst,3,19.5,8.2,25.5,42,1014,3,True,False,False,3.1097560975609757,False,3.7612001156935624,3.0204248861443626,citibank
1317,Odessa,Senior Business Analyst,3,16.2,12.3,24.0,41,1015,3,True,False,False,1.951219512195122,False,3.7376696182833684,2.8449093838194073,odessa
7098,Fidelity International,Senior Business Analyst,5,15.9,13.5,19.0,40,1016,5+,True,False,False,1.4074074074074074,False,3.713572066704308,2.8273136219290276,fidelity international
5556,Ameriprise Financial,Senior Business Analyst,4,9.6,6.2,16.3,40,1017,4,True,False,False,2.629032258064516,False,3.713572066704308,2.3608540011180215,ameriprise financial
2399,Tsys Card Tech Services,Senior Business Analyst,6,15.7,12.5,18.9,40,1018,5+,True,False,False,1.5119999999999998,False,3.713572066704308,2.8154087194227095,tsys card tech services
5975,Merilytics,Senior Business Analyst,0,7.8,6.5,9.5,40,1019,0,True,True,False,1.4615384615384615,False,3.713572066704308,2.174751721484161,merilytics
7350,Barclays Global Service Centre,Senior Business Analyst,3,12.5,5.0,22.9,40,1020,3,True,False,False,4.58,False,3.713572066704308,2.6026896854443837,barclays global service centre
5270,Unisys,Senior Business Analyst,5,12.7,8.0,17.3,39,1021,5+,True,False,False,2.1625,False,3.6888794541139363,2.617395832834079,unisys
2018,Photon Interactive,Senior Business Analyst,4,9.9,6.3,15.0,38,1022,4,True,False,False,2.380952380952381,False,3.6635616461296463,2.388762789235098,photon interactive
7004,Tata Technologies,Senior Business Analyst,4,8.7,6.2,14.0,37,1023,4,True,False,False,2.258064516129032,False,3.6375861597263857,2.272125885509337,tata technologies
8937,Virtusa Consulting Services,Senior Business Analyst,5,15.8,11.0,22.5,36,1024,5+,True,False,False,2.0454545454545454,False,3.6109179126442243,2.8213788864092133,virtusa consulting services
4665,Xceedance,Senior Business Analyst,5,13.4,9.5,18.6,36,1025,5+,True,False,False,1.9578947368421054,False,3.6109179126442243,2.667228206581955,xceedance
8147,Uber,Senior Business Analyst,2,13.4,10.0,19.0,36,1026,2,True,False,False,1.9,False,3.6109179126442243,2.667228206581955,uber
6091,CitiusTech,Senior Business Analyst,4,14.4,9.5,18.0,35,1027,4,True,False,False,1.894736842105263,False,3.58351893845611,2.7343675094195836,citiustech
2314,MetLife,Senior Business Analyst,0,6.0,4.0,9.3,35,1028,0,True,True,False,2.325,False,3.58351893845611,1.9459101490553132,metlife
5942,eMids Technologies,Senior Business Analyst,5,15.3,10.0,21.0,35,1029,5+,True,False,False,2.1,False,3.58351893845611,2.791165107812717,emids technologies
4161,Standard Chartered Global Business Services,Senior Business Analyst,7,18.4,11.0,29.9,35,1030,5+,True,False,False,2.7181818181818183,False,3.58351893845611,2.9652730660692823,standard chartered global business services
3593,D Cube Analytics,Senior Business Analyst,2,11.7,9.2,14.0,35,1031,2,True,False,False,1.5217391304347827,False,3.58351893845611,2.5416019934645457,d cube analytics
1187,Novo Nordisk,Senior Business Analyst,6,15.7,10.3,21.0,34,1032,5+,True,False,False,2.0388349514563107,False,3.5553480614894135,2.8154087194227095,novo nordisk
1860,Affine Analytics,Senior Business Analyst,1,10.0,8.0,13.6,34,1033,1,True,True,False,1.7,False,3.5553480614894135,2.3978952727983707,affine analytics
7981,Altisource,Senior Business Analyst,4,8.5,5.2,15.0,33,1034,4,True,False,False,2.8846153846153846,False,3.5263605246161616,2.2512917986064953,altisource
4330,Mu Sigma,Senior Business Analyst,1,8.6,6.3,13.0,32,1035,1,True,True,False,2.0634920634920637,False,3.4965075614664802,2.2617630984737906,mu sigma
8053,Meesho,Senior Business Analyst,2,19.3,16.0,23.0,32,1036,2,True,False,False,1.4375,False,3.4965075614664802,3.0106208860477417,meesho
8227,Gartner,Senior Business Analyst,2,18.7,12.5,24.0,32,1037,2,True,False,False,1.92,False,3.4965075614664802,2.9806186357439426,gartner
4919,LearningMate Solutions,Senior Business Analyst,3,10.5,6.4,14.0,31,1038,3,True,False,False,2.1875,False,3.4657359027997265,2.4423470353692043,learningmate solutions
8784,R1 RCM,Senior Business Analyst,2,4.3,3.5,5.9,31,1039,2,True,False,False,1.6857142857142857,False,3.4657359027997265,1.667706820558076,r1 rcm
1596,Sopra Steria,Senior Business Analyst,3,14.6,10.0,18.5,31,1040,3,True,False,False,1.85,False,3.4657359027997265,2.747270914255491,sopra steria
2028,Fiserv,Senior Business Analyst,8,18.0,11.0,29.8,31,1041,5+,True,False,False,2.709090909090909,False,3.4657359027997265,2.9444389791664403,fiserv
1514,Harman Connected Services,Senior Business Analyst,3,12.3,6.6,20.0,31,1042,3,True,False,False,3.0303030303030303,False,3.4657359027997265,2.5877640352277083,harman connected services
4027,Principal Global Services,Senior Business Analyst,4,13.3,5.8,17.5,31,1043,4,True,False,False,3.0172413793103448,False,3.4657359027997265,2.6602595372658615,principal global services
6835,Danske IT,Senior Business Analyst,7,18.7,14.3,24.1,31,1044,5+,True,False,False,1.6853146853146854,False,3.4657359027997265,2.9806186357439426,danske it
5675,Amdocs,Senior Business Analyst,6,17.6,11.1,24.9,31,1045,5+,True,False,False,2.243243243243243,False,3.4657359027997265,2.9231615807191558,amdocs
8110,Allscripts,Senior Business Analyst,5,13.9,11.0,17.7,30,1046,5+,True,False,False,1.6090909090909091,False,3.4339872044851463,2.7013612129514133,allscripts
7386,Collabera Technologies,Senior Business Analyst,4,11.7,8.0,20.0,30,1047,4,True,False,False,2.5,False,3.4339872044851463,2.5416019934645457,collabera technologies
7112,Swiggy,Senior Business Analyst,2,18.4,13.8,22.0,30,1048,2,True,False,False,1.5942028985507246,False,3.4339872044851463,2.9652730660692823,swiggy
8914,Birlasoft,Senior Business Analyst,3,9.8,6.0,19.0,29,1049,3,True,False,False,3.1666666666666665,False,3.4011973816621555,2.379546134130174,birlasoft
1333,ValueLabs,Senior Business Analyst,6,14.9,10.0,20.0,29,1050,5+,True,False,False,2.0,False,3.4011973816621555,2.766319109226186,valuelabs
6451,Orange Business Services,Senior Business Analyst,5,12.8,7.0,20.0,28,1051,5+,True,False,False,2.857142857142857,False,3.367295829986474,2.624668592163159,orange business services
1417,Maersk,Senior Business Analyst,6,10.9,5.0,23.0,28,1052,5+,True,False,False,4.6,False,3.367295829986474,2.4765384001174837,maersk
7979,Gartner India Research and Advisory Services,Senior Business Analyst,3,20.4,13.8,26.0,28,1053,3,True,False,False,1.8840579710144927,False,3.367295829986474,3.0633909220278057,gartner india research and advisory services
1282,First Source,Senior Business Analyst,2,5.1,3.4,6.6,27,1054,2,True,False,False,1.9411764705882353,False,3.332204510175204,1.8082887711792655,first source
3226,Barclays Shared Services,Senior Business Analyst,2,7.1,4.0,14.0,27,1055,2,True,False,False,3.5,False,3.332204510175204,2.0918640616783932,barclays shared services
3033,ICICI Bank,Senior Business Analyst,5,12.3,5.3,21.0,27,1056,5+,True,False,False,3.9622641509433962,False,3.332204510175204,2.5877640352277083,icici bank
4774,CES,Senior Business Analyst,5,7.4,5.2,9.5,27,1057,5+,True,False,False,1.8269230769230769,False,3.332204510175204,2.128231705849268,ces
2098,Mercer,Senior Business Analyst,2,5.5,2.8,17.0,27,1058,2,True,False,False,6.071428571428572,True,3.332204510175204,1.8718021769015913,mercer
8736,NatWest Markets,Senior Business Analyst,5,13.4,5.0,22.0,27,1059,5+,True,False,False,4.4,False,3.332204510175204,2.667228206581955,natwest markets
8335,Xoriant,Senior Business Analyst,6,17.5,11.5,21.7,27,1060,5+,True,False,False,1.8869565217391304,False,3.332204510175204,2.917770732084279,xoriant
5735,PwC,Senior Business Analyst,4,12.6,6.0,22.0,27,1061,4,True,False,False,3.6666666666666665,False,3.332204510175204,2.6100697927420065,pwc
6311,Statestreet HCL Services,Senior Business Analyst,1,3.0,2.4,3.6,27,1062,1,True,True,False,1.5,False,3.332204510175204,1.3862943611198906,statestreet hcl services
3786,First American Corporation,Senior Business Analyst,5,13.4,5.9,18.5,26,1063,5+,True,False,False,3.1355932203389827,False,3.295836866004329,2.667228206581955,first american corporation
3274,MindGate Solutions,Senior Business Analyst,5,12.5,8.0,18.0,26,1064,5+,True,False,False,2.25,False,3.295836866004329,2.6026896854443837,mindgate solutions
2422,Mindtree,Senior Business Analyst,4,16.9,12.0,22.0,25,1065,4,True,False,False,1.8333333333333333,False,3.258096538021482,2.884800712846709,mindtree
1590,TEKsystems,Senior Business Analyst,5,15.6,11.7,20.5,25,1066,5+,True,False,False,1.7521367521367524,False,3.258096538021482,2.8094026953624978,teksystems
5347,Decision Point,Senior Business Analyst,1,11.8,10.0,16.0,24,1067,1,True,True,False,1.6,False,3.2188758248682006,2.5494451709255714,decision point
5252,Thomson Reuters,Senior Business Analyst,4,11.7,5.0,19.5,24,1068,4,True,False,False,3.9,False,3.2188758248682006,2.5416019934645457,thomson reuters
2685,Eurofins It Solutions,Senior Business Analyst,7,22.0,16.0,24.8,24,1069,5+,True,False,False,1.55,False,3.2188758248682006,3.1354942159291497,eurofins it solutions
4404,Capco Technologies,Senior Business Analyst,7,18.2,15.0,20.2,24,1070,5+,True,False,False,1.3466666666666667,False,3.2188758248682006,2.954910279033736,capco technologies
8792,Hsbc Technology,Senior Business Analyst,6,18.7,13.0,25.0,24,1071,5+,True,False,False,1.9230769230769231,False,3.2188758248682006,2.9806186357439426,hsbc technology
2962,S&P Global,Senior Business Analyst,5,13.7,9.0,20.0,24,1072,5+,True,False,False,2.2222222222222223,False,3.2188758248682006,2.6878474937846906,sp global
5537,General Mills,Senior Business Analyst,4,13.4,11.0,16.0,23,1073,4,True,False,False,1.4545454545454546,False,3.1780538303479458,2.667228206581955,general mills
5757,Intellect Design Arena,Senior Business Analyst,6,17.2,11.7,22.5,23,1074,5+,True,False,False,1.9230769230769231,False,3.1780538303479458,2.9014215940827497,intellect design arena
4924,Dell EMC,Senior Business Analyst,3,10.5,8.5,13.0,23,1075,3,True,False,False,1.5294117647058822,False,3.1780538303479458,2.4423470353692043,dell emc
5818,Ebix Software India,Senior Business Analyst,4,9.8,6.5,13.5,23,1076,4,True,False,False,2.076923076923077,False,3.1780538303479458,2.379546134130174,ebix software india
3649,Northern Trust Operating Services,Senior Business Analyst,3,6.2,4.9,9.5,23,1077,3,True,False,False,1.9387755102040816,False,3.1780538303479458,1.9740810260220096,northern trust operating services
4989,IVY Comptech,Senior Business Analyst,7,20.7,16.2,25.0,23,1078,5+,True,False,False,1.5432098765432098,False,3.1780538303479458,3.077312260546414,ivy comptech
1799,Atos Syntel,Senior Business Analyst,6,13.8,7.0,22.8,23,1079,5+,True,False,False,3.257142857142857,False,3.1780538303479458,2.6946271807700692,atos syntel
6750,Provana,Senior Business Analyst,1,7.9,5.5,11.5,23,1080,1,True,True,False,2.090909090909091,False,3.1780538303479458,2.186051276738094,provana
5492,Coforge,Senior Business Analyst,6,17.1,11.2,23.0,23,1081,5+,True,False,False,2.053571428571429,False,3.1780538303479458,2.89591193827178,coforge
5608,HDFC Bank,Senior Business Analyst,4,13.2,7.1,20.0,22,1082,4,True,False,False,2.8169014084507045,False,3.1354942159291497,2.653241964607215,hdfc bank
5791,Commonwealth Bank of Australia,Senior Business Analyst,5,28.3,21.0,38.0,22,1083,5+,True,False,False,1.8095238095238095,False,3.1354942159291497,3.3775875160230218,commonwealth bank of australia
5759,Volante Technologies,Senior Business Analyst,9,22.3,15.0,28.0,22,1084,5+,True,False,False,1.8666666666666667,False,3.1354942159291497,3.1484533605716547,volante technologies
4916,Hinduja Global Solutions,Senior Business Analyst,2,3.3,2.4,4.3,22,1085,2,True,False,False,1.7916666666666667,False,3.1354942159291497,1.4586150226995167,hinduja global solutions
2169,Tavant Technologies,Senior Business Analyst,3,10.0,8.0,14.0,22,1086,3,True,False,False,1.75,False,3.1354942159291497,2.3978952727983707,tavant technologies
3261,Jocata Financial Advisory and Technology,Senior Business Analyst,6,14.3,9.0,23.0,22,1087,5+,True,False,False,2.5555555555555554,False,3.1354942159291497,2.72785282839839,jocata financial advisory and technology
4122,Persistent Systems,Senior Business Analyst,7,22.5,15.0,30.5,22,1088,5+,True,False,False,2.033333333333333,False,3.1354942159291497,3.1570004211501135,persistent systems
4421,Axis Bank,Senior Business Analyst,3,14.4,9.3,22.0,22,1089,3,True,False,False,2.365591397849462,False,3.1354942159291497,2.7343675094195836,axis bank
2329,Sabre,Senior Business Analyst,6,20.1,13.8,28.0,22,1090,5+,True,False,False,2.0289855072463765,False,3.1354942159291497,3.0492730404820207,sabre
2905,MResult Services,Senior Business Analyst,4,8.2,5.5,12.0,21,1091,4,True,False,False,2.1818181818181817,False,3.091042453358316,2.2192034840549946,mresult services
3244,Franklin Templeton Investments,Senior Business Analyst,5,12.1,6.8,17.1,21,1092,5+,True,False,False,2.5147058823529416,False,3.091042453358316,2.5726122302071057,franklin templeton investments
4133,Allsec Technologies,Senior Business Analyst,3,6.1,5.2,7.5,21,1093,3,True,False,False,1.4423076923076923,False,3.091042453358316,1.9600947840472698,allsec technologies
4626,MSC Technology India,Senior Business Analyst,3,6.7,4.9,8.7,21,1094,3,True,False,False,1.7755102040816324,False,3.091042453358316,2.0412203288596382,msc technology india
8416,Sopra Banking Software,Senior Business Analyst,6,16.3,10.2,25.0,21,1095,5+,True,False,False,2.450980392156863,False,3.091042453358316,2.8507065015037334,sopra banking software
5397,Colgate Global Business Services,Senior Business Analyst,7,15.2,13.2,17.5,21,1096,5+,True,False,False,1.325757575757576,False,3.091042453358316,2.785011242238338,colgate global business services
3523,Azentio,Senior Business Analyst,3,13.4,9.5,17.0,21,1097,3,True,False,False,1.7894736842105263,False,3.091042453358316,2.667228206581955,azentio
7533,Mastek,Senior Business Analyst,7,13.6,9.7,17.5,20,1098,5+,True,False,False,1.8041237113402062,False,3.044522437723423,2.681021528714291,mastek
3325,Springer Nature,Senior Business Analyst,6,17.0,13.0,21.9,20,1099,5+,True,False,False,1.6846153846153844,False,3.044522437723423,2.8903717578961645,springer nature
7848,Honeywell Technology Solutions,Senior Business Analyst,5,15.9,10.0,23.8,20,1100,5+,True,False,False,2.38,False,3.044522437723423,2.8273136219290276,honeywell technology solutions
5543,Thryve Digital,Senior Business Analyst,5,10.0,7.1,14.0,20,1101,5+,True,False,False,1.971830985915493,False,3.044522437723423,2.3978952727983707,thryve digital
6254,UBS,Senior Business Analyst,7,22.9,10.8,33.0,20,1102,5+,True,False,False,3.0555555555555554,False,3.044522437723423,3.173878458937465,ubs
1616,Zomato,Senior Business Analyst,2,15.7,10.0,22.0,20,1103,2,True,False,False,2.2,False,3.044522437723423,2.8154087194227095,zomato
5932,Cybage,Senior Business Analyst,8,18.0,15.5,23.0,20,1104,5+,True,False,False,1.4838709677419355,False,3.044522437723423,2.9444389791664403,cybage
4379,Larsen & Toubro Limited,Senior Business Analyst,4,11.3,8.5,14.5,20,1105,4,True,False,False,1.7058823529411764,False,3.044522437723423,2.509599262378372,larsen toubro limited
5971,Royal Bank of Scotland International,Senior Business Analyst,3,5.7,4.1,10.5,19,1106,3,True,False,False,2.5609756097560976,False,2.995732273553991,1.9021075263969205,royal bank of scotland international
5097,Indegene,Senior Business Analyst,2,14.0,10.2,21.0,19,1107,2,True,False,False,2.058823529411765,False,2.995732273553991,2.70805020110221,indegene
5650,Accion Labs,Senior Business Analyst,7,17.5,11.0,25.2,19,1108,5+,True,False,False,2.290909090909091,False,2.995732273553991,2.917770732084279,accion labs
2257,Infor Global Solution,Senior Business Analyst,6,16.8,13.5,20.0,19,1109,5+,True,False,False,1.4814814814814814,False,2.995732273553991,2.8791984572980396,infor global solution
8565,Cygnet Infotech,Senior Business Analyst,4,8.6,5.5,11.0,19,1110,4,True,False,False,2.0,False,2.995732273553991,2.2617630984737906,cygnet infotech
8572,Oracle Financial Services Software,Senior Business Analyst,6,14.2,8.4,24.1,19,1111,5+,True,False,False,2.869047619047619,False,2.995732273553991,2.7212954278522306,oracle financial services software
6917,ThoughtWorks,Senior Business Analyst,5,20.2,15.8,25.0,19,1112,5+,True,False,False,1.5822784810126582,False,2.995732273553991,3.054001181677967,thoughtworks
1278,Citigroup,Senior Business Analyst,3,15.6,9.2,21.1,19,1113,3,True,False,False,2.2934782608695654,False,2.995732273553991,2.8094026953624978,citigroup
2849,Unacademy,Senior Business Analyst,0,13.0,4.0,25.0,18,1114,0,True,True,False,6.25,True,2.9444389791664403,2.6390573296152584,unacademy
5592,State Street Corporation,Senior Business Analyst,2,10.7,3.5,22.0,18,1115,2,True,False,False,6.285714285714286,True,2.9444389791664403,2.4595888418037104,state street corporation
7436,HCL Infosystems,Senior Business Analyst,3,9.0,3.4,15.0,18,1116,3,True,False,False,4.411764705882353,False,2.9444389791664403,2.302585092994046,hcl infosystems
6983,Ocwen Financial Solutions,Senior Business Analyst,4,9.9,5.9,13.3,18,1117,4,True,False,False,2.254237288135593,False,2.9444389791664403,2.388762789235098,ocwen financial solutions
7170,Vedantu,Senior Business Analyst,2,16.9,6.6,21.0,18,1118,2,True,False,False,3.181818181818182,False,2.9444389791664403,2.884800712846709,vedantu
5884,Infinite Computer Solutions,Senior Business Analyst,4,9.3,6.0,13.0,17,1119,4,True,False,False,2.1666666666666665,False,2.8903717578961645,2.33214389523559,infinite computer solutions
3977,Clover Infotech,Senior Business Analyst,3,9.1,6.5,12.5,17,1120,3,True,False,False,1.9230769230769231,False,2.8903717578961645,2.312535423847214,clover infotech
1557,BYJU'S,Senior Business Analyst,0,9.4,6.0,17.0,17,1121,0,True,True,False,2.8333333333333335,False,2.8903717578961645,2.341805806147327,byjus
7265,Majesco,Senior Business Analyst,5,13.6,9.0,18.0,17,1122,5+,True,False,False,2.0,False,2.8903717578961645,2.681021528714291,majesco
5991,R Systems International,Senior Business Analyst,6,14.8,9.9,20.0,17,1123,5+,True,False,False,2.0202020202020203,False,2.8903717578961645,2.760009940032921,r systems international
8501,Accenture,Senior Data Analyst,3,9.9,6.5,14.6,213,1124,3,True,False,False,2.246153846153846,False,5.365976015021851,2.388762789235098,accenture
6459,Capgemini,Senior Data Analyst,1,4.7,3.8,7.1,129,1125,1,True,True,False,1.868421052631579,False,4.867534450455582,1.7404661748405046,capgemini
3846,TCS,Senior Data Analyst,3,6.0,2.9,11.2,118,1126,3,True,False,False,3.862068965517241,False,4.77912349311153,1.9459101490553132,tcs
1105,Unilog Content Solutions ( P),Senior Data Analyst,3,3.2,2.8,3.8,110,1127,3,True,False,False,1.3571428571428572,False,4.709530201312334,1.4350845252893227,unilog content solutions p
7697,Cognizant,Senior Data Analyst,2,6.2,3.0,15.2,109,1128,2,True,False,False,5.066666666666666,True,4.700480365792417,1.9740810260220096,cognizant
4343,eClerx,Senior Data Analyst,1,4.3,3.0,7.2,90,1129,1,True,True,False,2.4,False,4.51085950651685,1.667706820558076,eclerx
3967,Concentrix Corporation,Senior Data Analyst,2,4.6,3.1,7.5,85,1130,2,True,False,False,2.4193548387096775,False,4.454347296253507,1.7227665977411035,concentrix corporation
1680,Ernst & Young,Senior Data Analyst,3,9.5,6.0,15.3,71,1131,3,True,False,False,2.5500000000000003,False,4.276666119016055,2.3513752571634776,ernst young
8717,Flipkart,Senior Data Analyst,3,11.8,6.0,17.6,66,1132,3,True,False,False,2.9333333333333336,False,4.204692619390966,2.5494451709255714,flipkart
7328,Wipro,Senior Data Analyst,2,7.1,3.0,11.7,54,1133,2,True,False,False,3.9,False,4.007333185232471,2.0918640616783932,wipro
6097,Tech Mahindra,Senior Data Analyst,2,7.1,4.0,13.0,53,1134,2,True,False,False,3.25,False,3.9889840465642745,2.0918640616783932,tech mahindra
5640,HCL Technologies,Senior Data Analyst,2,6.2,3.0,10.0,53,1135,2,True,False,False,3.3333333333333335,False,3.9889840465642745,1.9740810260220096,hcl technologies
1220,Ugam Solution,Senior Data Analyst,2,6.5,3.5,10.5,52,1136,2,True,False,False,3.0,False,3.970291913552122,2.0149030205422647,ugam solution
6880,Cerner,Senior Data Analyst,2,6.1,3.0,15.4,52,1137,2,True,False,False,5.133333333333334,True,3.970291913552122,1.9600947840472698,cerner
4824,Optum,Senior Data Analyst,5,16.2,11.0,21.5,51,1138,5+,True,False,False,1.9545454545454546,False,3.9512437185814275,2.8449093838194073,optum
6901,InnovAccer,Senior Data Analyst,2,15.2,9.3,22.0,50,1139,2,True,False,False,2.365591397849462,False,3.9318256327243257,2.785011242238338,innovaccer
2968,GlobalLogic,Senior Data Analyst,2,3.5,2.5,5.0,46,1140,2,True,False,False,2.0,False,3.8501476017100584,1.5040773967762742,globallogic
4671,Infosys,Senior Data Analyst,3,9.9,5.3,15.0,45,1141,3,True,False,False,2.8301886792452833,False,3.828641396489095,2.388762789235098,infosys
5317,Tiger Analytics,Senior Data Analyst,1,11.3,9.0,15.0,45,1142,1,True,True,False,1.6666666666666667,False,3.828641396489095,2.509599262378372,tiger analytics
1637,UnitedHealth,Senior Data Analyst,5,17.2,8.0,26.0,44,1143,5+,True,False,False,3.25,False,3.8066624897703196,2.9014215940827497,unitedhealth
2806,IBM,Senior Data Analyst,3,11.1,6.3,19.0,43,1144,3,True,False,False,3.015873015873016,False,3.784189633918261,2.4932054526026954,ibm
4559,Cyient,Senior Data Analyst,4,3.6,2.5,5.3,43,1145,4,True,False,False,2.12,False,3.784189633918261,1.5260563034950492,cyient
4699,Urjanet Energy Solutions,Senior Data Analyst,2,3.8,3.1,5.0,42,1146,2,True,False,False,1.6129032258064515,False,3.7612001156935624,1.5686159179138452,urjanet energy solutions
4171,Deloitte,Senior Data Analyst,3,10.2,6.2,14.9,39,1147,3,True,False,False,2.403225806451613,False,3.6888794541139363,2.4159137783010487,deloitte
5714,Epsilon,Senior Data Analyst,4,17.4,10.0,24.5,38,1148,4,True,False,False,2.45,False,3.6635616461296463,2.91235066461494,epsilon
7137,Morningstar,Senior Data Analyst,2,5.0,3.8,6.3,37,1149,2,True,False,False,1.6578947368421053,False,3.6375861597263857,1.791759469228055,morningstar
5732,BCG,Senior Data Analyst,5,19.7,16.0,24.0,36,1150,5+,True,False,False,1.5,False,3.6109179126442243,3.0301337002713233,bcg
8414,Dell,Senior Data Analyst,3,11.7,9.0,18.0,33,1151,3,True,False,False,2.0,False,3.5263605246161616,2.5416019934645457,dell
7115,Walmart,Senior Data Analyst,4,29.0,16.5,40.0,32,1152,4,True,False,False,2.4242424242424243,False,3.4965075614664802,3.4011973816621555,walmart
2005,Course5,Senior Data Analyst,3,7.4,5.1,12.9,29,1153,3,True,False,False,2.5294117647058827,False,3.4011973816621555,2.128231705849268,course5
1024,IHS Markit,Senior Data Analyst,4,11.1,6.1,18.5,28,1154,4,True,False,False,3.0327868852459017,False,3.367295829986474,2.4932054526026954,ihs markit
5862,Bharti Airtel,Senior Data Analyst,3,16.6,5.9,22.0,28,1155,3,True,False,False,3.7288135593220337,False,3.367295829986474,2.8678989020441064,bharti airtel
3606,L&T Infotech,Senior Data Analyst,3,12.2,7.3,19.0,28,1156,3,True,False,False,2.6027397260273974,False,3.367295829986474,2.580216829592325,lt infotech
7888,Wells Fargo India,Senior Data Analyst,3,13.7,7.8,23.0,28,1157,3,True,False,False,2.948717948717949,False,3.367295829986474,2.6878474937846906,wells fargo india
5172,Axa XL,Senior Data Analyst,2,9.9,6.1,15.0,28,1158,2,True,False,False,2.459016393442623,False,3.367295829986474,2.388762789235098,axa xl
1063,Zen3 Info Solutions,Senior Data Analyst,3,4.3,3.4,5.5,27,1159,3,True,False,False,1.6176470588235294,False,3.332204510175204,1.667706820558076,zen3 info solutions
5443,Honeywell Technology Solutions,Senior Data Analyst,4,14.6,6.0,22.0,26,1160,4,True,False,False,3.6666666666666665,False,3.295836866004329,2.747270914255491,honeywell technology solutions
4401,LiquidHub,Senior Data Analyst,2,3.5,2.5,4.8,25,1161,2,True,False,False,1.92,False,3.258096538021482,1.5040773967762742,liquidhub
2190,Proziod Analytics,Senior Data Analyst,3,4.9,3.6,6.3,25,1162,3,True,False,False,1.75,False,3.258096538021482,1.7749523509116738,proziod analytics
4858,LatentView Analytics,Senior Data Analyst,2,10.8,9.2,12.5,25,1163,2,True,False,False,1.358695652173913,False,3.258096538021482,2.468099531471619,latentview analytics
6950,The Smart Cube,Senior Data Analyst,1,9.6,7.0,12.0,23,1164,1,True,True,False,1.7142857142857142,False,3.1780538303479458,2.3608540011180215,the smart cube
6552,Indium Software,Senior Data Analyst,3,14.4,10.0,20.0,23,1165,3,True,False,False,2.0,False,3.1780538303479458,2.7343675094195836,indium software
3317,Citicorp,Senior Data Analyst,2,16.1,11.5,20.9,23,1166,2,True,False,False,1.817391304347826,False,3.1780538303479458,2.8390784635086144,citicorp
8970,Harman Connected Services,Senior Data Analyst,4,10.0,6.0,19.0,22,1167,4,True,False,False,3.1666666666666665,False,3.1354942159291497,2.3978952727983707,harman connected services
8306,Toluna,Senior Data Analyst,3,7.1,5.4,9.0,22,1168,3,True,False,False,1.6666666666666665,False,3.1354942159291497,2.0918640616783932,toluna
5415,FE fundinfo,Senior Data Analyst,2,4.8,4.0,5.4,21,1169,2,True,False,False,1.35,False,3.091042453358316,1.7578579175523736,fe fundinfo
3379,McKinsey & Company,Senior Data Analyst,3,20.7,12.9,27.2,20,1170,3,True,False,False,2.1085271317829455,False,3.044522437723423,3.077312260546414,mckinsey company
4641,Amazon,Senior Data Analyst,2,8.6,3.9,25.5,19,1171,2,True,False,False,6.538461538461538,True,2.995732273553991,2.2617630984737906,amazon
1081,Ford Motor,Senior Data Analyst,2,15.0,11.6,18.9,19,1172,2,True,False,False,1.629310344827586,False,2.995732273553991,2.772588722239781,ford motor
2153,Subex,Senior Data Analyst,1,8.0,5.5,11.0,19,1173,1,True,True,False,2.0,False,2.995732273553991,2.1972245773362196,subex
3447,Mindtree,Senior Data Analyst,2,8.0,6.0,12.6,19,1174,2,True,False,False,2.1,False,2.995732273553991,2.1972245773362196,mindtree
2787,S&P Global,Senior Data Analyst,3,8.0,5.7,11.0,19,1175,3,True,False,False,1.9298245614035088,False,2.995732273553991,2.1972245773362196,sp global
4479,EXL Service,Senior Data Analyst,2,7.6,4.0,12.0,18,1176,2,True,False,False,3.0,False,2.9444389791664403,2.151762203259462,exl service
4358,DXC Technology,Senior Data Analyst,5,14.0,6.9,20.0,18,1177,5+,True,False,False,2.898550724637681,False,2.9444389791664403,2.70805020110221,dxc technology
8492,R1 RCM,Senior Data Analyst,3,5.4,3.9,6.9,18,1178,3,True,False,False,1.7692307692307694,False,2.9444389791664403,1.8562979903656263,r1 rcm
4027,KPMG,Senior Data Analyst,1,8.0,4.2,11.8,18,1179,1,True,True,False,2.8095238095238098,False,2.9444389791664403,2.1972245773362196,kpmg
2961,Zensar Technologies,Senior Data Analyst,4,6.3,4.0,10.6,17,1180,4,True,False,False,2.65,False,2.8903717578961645,1.9878743481543455,zensar technologies
6135,Schneider Electric,Senior Data Analyst,2,9.6,6.0,17.0,17,1181,2,True,False,False,2.8333333333333335,False,2.8903717578961645,2.3608540011180215,schneider electric
1093,WNS,Senior Data Analyst,2,6.1,4.0,8.0,17,1182,2,True,False,False,2.0,False,2.8903717578961645,1.9600947840472698,wns
1411,Genpact,Senior Data Analyst,3,6.2,4.3,11.0,17,1183,3,True,False,False,2.558139534883721,False,2.8903717578961645,1.9740810260220096,genpact
2218,NTT DATA,Senior Data Analyst,2,7.2,4.0,11.5,17,1184,2,True,False,False,2.875,False,2.8903717578961645,2.1041341542702074,ntt data
2895,Ganit Business Solutions,Senior Data Analyst,0,7.4,5.2,10.5,17,1185,0,True,True,False,2.019230769230769,False,2.8903717578961645,2.128231705849268,ganit business solutions
6411,HSBC,Senior Data Analyst,2,11.9,7.1,16.0,17,1186,2,True,False,False,2.2535211267605635,False,2.8903717578961645,2.5572273113676265,hsbc
2308,Synchrony,Senior Data Analyst,2,7.5,5.0,12.5,16,1187,2,True,False,False,2.5,False,2.833213344056216,2.1400661634962708,synchrony
1297,Kantar,Senior Data Analyst,2,6.0,4.5,8.4,16,1188,2,True,False,False,1.8666666666666667,False,2.833213344056216,1.9459101490553132,kantar
3421,Unire Business Solutions,Senior Data Analyst,0,1.9,1.4,2.5,16,1189,0,True,True,False,1.7857142857142858,False,2.833213344056216,1.0647107369924282,unire business solutions
4208,JP Morgan Chase,Senior Data Analyst,3,12.8,7.4,18.0,16,1190,3,True,False,False,2.4324324324324325,False,2.833213344056216,2.624668592163159,jp morgan chase
3301,Dynata,Senior Data Analyst,4,8.8,7.5,10.3,16,1191,4,True,False,False,1.3733333333333335,False,2.833213344056216,2.2823823856765264,dynata
8877,PwC,Senior Data Analyst,3,11.1,5.8,20.0,16,1192,3,True,False,False,3.4482758620689657,False,2.833213344056216,2.4932054526026954,pwc
8777,Indegene,Senior Data Analyst,2,15.6,11.4,20.5,15,1193,2,True,False,False,1.7982456140350878,False,2.772588722239781,2.8094026953624978,indegene
3852,Lowe's,Senior Data Analyst,1,17.4,10.4,20.0,15,1194,1,True,True,False,1.923076923076923,False,2.772588722239781,2.91235066461494,lowes
2247,Ameriprise Financial,Senior Data Analyst,3,14.2,10.0,18.1,15,1195,3,True,False,False,1.81,False,2.772588722239781,2.7212954278522306,ameriprise financial
8570,Barclays,Senior Data Analyst,3,13.8,9.0,19.4,15,1196,3,True,False,False,2.1555555555555554,False,2.772588722239781,2.6946271807700692,barclays
2476,Continental Automotive Components,Senior Data Analyst,2,2.9,2.5,3.5,15,1197,2,True,False,False,1.4,False,2.772588722239781,1.3609765531356006,continental automotive components
7033,Johnson & Johnson,Senior Data Analyst,4,12.0,5.8,20.0,15,1198,4,True,False,False,3.4482758620689657,False,2.772588722239781,2.5649493574615367,johnson johnson
4336,JLL,Senior Data Analyst,3,6.3,4.5,13.0,15,1199,3,True,False,False,2.888888888888889,False,2.772588722239781,1.9878743481543455,jll
3427,Paytm,Senior Data Analyst,3,7.6,5.0,11.0,15,1200,3,True,False,False,2.2,False,2.772588722239781,2.151762203259462,paytm
4910,Oracle,Senior Data Analyst,3,7.7,4.2,15.0,15,1201,3,True,False,False,3.571428571428571,False,2.772588722239781,2.163323025660538,oracle
7892,HERE Technologies,Senior Data Analyst,4,5.1,4.5,6.5,14,1202,4,True,False,False,1.4444444444444444,False,2.70805020110221,1.8082887711792655,here technologies
6583,CAMP Systems,Senior Data Analyst,4,5.1,3.8,6.2,14,1203,4,True,False,False,1.6315789473684212,False,2.70805020110221,1.8082887711792655,camp systems
5259,Ericsson,Senior Data Analyst,2,8.9,5.0,13.0,14,1204,2,True,False,False,2.6,False,2.70805020110221,2.2925347571405443,ericsson
5472,Novartis Healthcare,Senior Data Analyst,2,12.8,6.0,19.0,14,1205,2,True,False,False,3.1666666666666665,False,2.70805020110221,2.624668592163159,novartis healthcare
2329,E2OPEN,Senior Data Analyst,5,6.1,4.9,8.3,14,1206,5+,True,False,False,1.6938775510204083,False,2.70805020110221,1.9600947840472698,e2open
8387,Bank of America,Senior Data Analyst,5,19.2,11.7,26.0,14,1207,5+,True,False,False,2.2222222222222223,False,2.70805020110221,3.005682604407159,bank of america
6131,Nielsen,Senior Data Analyst,2,5.9,3.1,9.5,14,1208,2,True,False,False,3.064516129032258,False,2.70805020110221,1.9315214116032138,nielsen
2089,VASTA BIO-INFORMATICS,Senior Data Analyst,1,3.6,3.3,4.3,14,1209,1,True,True,False,1.303030303030303,False,2.70805020110221,1.5260563034950492,vasta bioinformatics
4580,VeeTechnologies,Senior Data Analyst,2,3.0,2.0,4.0,14,1210,2,True,False,False,2.0,False,2.70805020110221,1.3862943611198906,veetechnologies
7439,Nailbiter Research,Senior Data Analyst,0,4.7,4.2,5.2,14,1211,0,True,True,False,1.2380952380952381,False,2.70805020110221,1.7404661748405046,nailbiter research
5055,Hewlett-Packard Enterprise,Senior Data Analyst,3,8.8,5.0,17.7,13,1212,3,True,False,False,3.54,False,2.6390573296152584,2.2823823856765264,hewlettpackard enterprise
6547,S&P Global Market Intelligence,Senior Data Analyst,5,6.9,4.9,9.5,13,1213,5+,True,False,False,1.9387755102040816,False,2.6390573296152584,2.066862759472976,sp global market intelligence
6894,MakeMyTrip,Senior Data Analyst,4,7.5,6.0,9.0,12,1214,4,True,False,False,1.5,False,2.5649493574615367,2.1400661634962708,makemytrip
2874,Advantmed,Senior Data Analyst,3,7.1,4.0,12.0,12,1215,3,True,False,False,3.0,False,2.5649493574615367,2.0918640616783932,advantmed
7732,Sutherland Global Services,Senior Data Analyst,2,6.6,5.0,8.5,12,1216,2,True,False,False,1.7,False,2.5649493574615367,2.028148247292285,sutherland global services
3909,Citibank,Senior Data Analyst,2,17.4,16.0,19.5,12,1217,2,True,False,False,1.21875,False,2.5649493574615367,2.91235066461494,citibank
8266,Mercer,Senior Data Analyst,1,4.6,3.0,6.5,12,1218,1,True,True,False,2.1666666666666665,False,2.5649493574615367,1.7227665977411035,mercer
2127,American Express,Senior Data Analyst,2,14.7,6.1,25.0,12,1219,2,True,False,False,4.0983606557377055,False,2.5649493574615367,2.7536607123542622,american express
3740,Shadowfax Technologies,Senior Data Analyst,0,7.7,6.3,10.0,11,1220,0,True,True,False,1.5873015873015874,False,2.4849066497880004,2.163323025660538,shadowfax technologies
5129,Resilinc,Senior Data Analyst,4,5.8,5.0,7.0,11,1221,4,True,False,False,1.4,False,2.4849066497880004,1.916922612182061,resilinc
2873,Bluemind Solutions,Senior Data Analyst,4,3.1,2.8,3.5,11,1222,4,True,False,False,1.25,False,2.4849066497880004,1.410986973710262,bluemind solutions
8466,Denave,Senior Data Analyst,2,6.7,3.5,9.8,11,1223,2,True,False,False,2.8000000000000003,False,2.4849066497880004,2.0412203288596382,denave
8702,Cross-tab Marketing Services,Senior Data Analyst,0,5.0,3.5,7.0,11,1224,0,True,True,False,2.0,False,2.4849066497880004,1.791759469228055,crosstab marketing services
3783,Wissend,Senior Data Analyst,0,1.9,1.4,2.2,11,1225,0,True,True,False,1.5714285714285716,False,2.4849066497880004,1.0647107369924282,wissend
1165,Infosys BPM,Senior Data Analyst,2,8.9,3.8,17.0,11,1226,2,True,False,False,4.473684210526316,False,2.4849066497880004,2.2925347571405443,infosys bpm
5574,Adobe,Senior Data Analyst,5,14.5,9.8,20.0,10,1227,5+,True,False,False,2.0408163265306123,False,2.3978952727983707,2.740840023925201,adobe
3044,BNY Mellon,Senior Data Analyst,3,10.4,4.9,13.5,10,1228,3,True,False,False,2.7551020408163263,False,2.3978952727983707,2.4336133554004498,bny mellon
3959,Shell,Senior Data Analyst,4,12.4,7.9,20.0,10,1229,4,True,False,False,2.531645569620253,False,2.3978952727983707,2.5952547069568657,shell
8834,Target,Senior Data Analyst,2,13.7,9.9,18.0,10,1230,2,True,False,False,1.8181818181818181,False,2.3978952727983707,2.6878474937846906,target
4600,Dell EMC,Senior Data Analyst,3,9.4,8.5,11.1,10,1231,3,True,False,False,1.3058823529411765,False,2.3978952727983707,2.341805806147327,dell emc
5638,comScore,Senior Data Analyst,5,19.7,13.5,24.0,10,1232,5+,True,False,False,1.7777777777777777,False,2.3978952727983707,3.0301337002713233,comscore
1405,Fedby Information Services,Senior Data Analyst,3,4.6,4.0,5.5,10,1233,3,True,False,False,1.375,False,2.3978952727983707,1.7227665977411035,fedby information services
3851,Experis IT,Senior Data Analyst,5,8.2,6.6,9.8,10,1234,5+,True,False,False,1.484848484848485,False,2.3978952727983707,2.2192034840549946,experis it
8688,Phoenix American Sales Focus Solutions India,Senior Data Analyst,3,5.7,5.0,7.0,10,1235,3,True,False,False,1.4,False,2.3978952727983707,1.9021075263969205,phoenix american sales focus solutions india
7670,Collabera Technologies,Senior Data Analyst,2,8.7,7.5,10.5,10,1236,2,True,False,False,1.4,False,2.3978952727983707,2.272125885509337,collabera technologies
4624,SG Analytics,Senior Data Analyst,3,7.0,6.0,8.3,10,1237,3,True,False,False,1.3833333333333335,False,2.3978952727983707,2.0794415416798357,sg analytics
4417,Mobikwik,Senior Data Analyst,3,13.9,11.0,17.0,10,1238,3,True,False,False,1.5454545454545454,False,2.3978952727983707,2.7013612129514133,mobikwik
4174,Ecolab Digital Center,Senior Data Analyst,6,17.6,11.2,22.3,10,1239,5+,True,False,False,1.9910714285714288,False,2.3978952727983707,2.9231615807191558,ecolab digital center
4429,Oyo Rooms,Senior Data Analyst,4,11.4,7.0,16.0,9,1240,4,True,False,False,2.2857142857142856,False,2.302585092994046,2.517696472610991,oyo rooms
5522,Randstad,Senior Data Analyst,3,6.9,2.5,12.0,9,1241,3,True,False,False,4.8,False,2.302585092994046,2.066862759472976,randstad
5253,Clarivate Analytics,Senior Data Analyst,1,17.7,10.0,26.5,9,1242,1,True,True,False,2.65,False,2.302585092994046,2.928523523860541,clarivate analytics
8400,Rapido,Senior Data Analyst,2,14.9,6.5,20.4,9,1243,2,True,False,False,3.1384615384615384,False,2.302585092994046,2.766319109226186,rapido
4517,Standard Chartered Bank,Senior Data Analyst,2,12.7,5.0,30.0,9,1244,2,True,False,False,6.0,True,2.302585092994046,2.617395832834079,standard chartered bank
2578,Equifax,Senior Data Analyst,3,6.2,3.5,8.5,9,1245,3,True,False,False,2.4285714285714284,False,2.302585092994046,1.9740810260220096,equifax
4573,Tesco,Senior Data Analyst,1,10.3,5.8,15.5,9,1246,1,True,True,False,2.6724137931034484,False,2.302585092994046,2.424802725718295,tesco
7253,QL2 Software,Senior Data Analyst,4,3.4,2.7,5.5,9,1247,4,True,False,False,2.0370370370370368,False,2.302585092994046,1.4816045409242156,ql2 software
2554,Vodafone Idea,Senior Data Analyst,3,10.2,5.2,15.8,9,1248,3,True,False,False,3.0384615384615383,False,2.302585092994046,2.4159137783010487,vodafone idea
2846,IQVIA,Senior Data Analyst,3,12.4,8.0,15.3,9,1249,3,True,False,False,1.9125,False,2.302585092994046,2.5952547069568657,iqvia
5485,InSync Analytics,Senior Data Analyst,4,3.6,3.1,4.0,9,1250,4,True,False,False,1.2903225806451613,False,2.302585092994046,1.5260563034950492,insync analytics
4068,Landis+Gyr,Senior Data Analyst,5,15.0,12.6,17.5,9,1251,5+,True,False,False,1.3888888888888888,False,2.302585092994046,2.772588722239781,landisgyr
2815,DecisionTree Analytics & Services,Senior Data Analyst,3,12.8,9.0,17.0,9,1252,3,True,False,False,1.8888888888888888,False,2.302585092994046,2.624668592163159,decisiontree analytics services
6072,Yodlee,Senior Data Analyst,4,7.4,5.0,9.0,8,1253,4,True,False,False,1.8,False,2.1972245773362196,2.128231705849268,yodlee
7667,Yash Technologies,Senior Data Analyst,7,5.8,4.6,7.5,8,1254,5+,True,False,False,1.6304347826086958,False,2.1972245773362196,1.916922612182061,yash technologies
8439,Teleperformance,Senior Data Analyst,2,3.0,2.0,4.4,8,1255,2,True,False,False,2.2,False,2.1972245773362196,1.3862943611198906,teleperformance
1863,Wunderman,Senior Data Analyst,2,5.7,4.5,7.4,8,1256,2,True,False,False,1.6444444444444446,False,2.1972245773362196,1.9021075263969205,wunderman
5802,Xiaomi,Senior Data Analyst,5,9.5,8.1,10.5,8,1257,5+,True,False,False,1.2962962962962963,False,2.1972245773362196,2.3513752571634776,xiaomi
7827,Sentieo,Senior Data Analyst,2,5.9,5.0,7.0,8,1258,2,True,False,False,1.4,False,2.1972245773362196,1.9315214116032138,sentieo
1596,Fidelity National Information Services,Senior Data Analyst,4,9.7,6.5,14.0,8,1259,4,True,False,False,2.1538461538461537,False,2.1972245773362196,2.3702437414678603,fidelity national information services
4609,Thomson Reuters,Senior Data Analyst,3,10.5,8.0,15.0,8,1260,3,True,False,False,1.875,False,2.1972245773362196,2.4423470353692043,thomson reuters
1159,Maersk,Senior Data Analyst,3,7.1,5.0,9.0,8,1261,3,True,False,False,1.8,False,2.1972245773362196,2.0918640616783932,maersk
1241,Home Credit Finance,Senior Data Analyst,3,7.6,4.8,10.0,8,1262,3,True,False,False,2.0833333333333335,False,2.1972245773362196,2.151762203259462,home credit finance
8814,Standard Chartered Global Business Services,Senior Data Analyst,4,18.5,10.5,27.4,8,1263,4,True,False,False,2.6095238095238096,False,2.1972245773362196,2.970414465569701,standard chartered global business services
6111,Mr Cooper,Senior Data Analyst,2,13.0,11.0,15.0,8,1264,2,True,False,False,1.3636363636363635,False,2.1972245773362196,2.6390573296152584,mr cooper
8388,Hudson's bay Company,Senior Data Analyst,3,15.7,13.2,18.9,8,1265,3,True,False,False,1.4318181818181819,False,2.1972245773362196,2.8154087194227095,hudsons bay company
5385,S&P Capital IQ,Senior Data Analyst,3,6.4,5.0,9.2,8,1266,3,True,False,False,1.8399999999999999,False,2.1972245773362196,2.0014800002101243,sp capital iq
6368,Merkle Sokrati,Senior Data Analyst,1,9.1,7.8,12.3,8,1267,1,True,True,False,1.576923076923077,False,2.1972245773362196,2.312535423847214,merkle sokrati
7373,Games24x7,Senior Data Analyst,5,17.9,11.5,23.1,8,1268,5+,True,False,False,2.008695652173913,False,2.1972245773362196,2.9391619220655967,games24x7
4583,Iris Software,Senior Data Analyst,5,14.4,10.0,20.0,8,1269,5+,True,False,False,2.0,False,2.1972245773362196,2.7343675094195836,iris software
7974,Axis Bank,Senior Data Analyst,0,7.0,5.0,8.3,8,1270,0,True,True,False,1.6600000000000001,False,2.1972245773362196,2.0794415416798357,axis bank
7078,Mphasis,Senior Data Analyst,4,10.3,9.0,11.5,8,1271,4,True,False,False,1.2777777777777777,False,2.1972245773362196,2.424802725718295,mphasis
3586,Whitehat jr,Senior Data Analyst,2,12.6,8.0,17.0,8,1272,2,True,False,False,2.125,False,2.1972245773362196,2.6100697927420065,whitehat jr
1069,Blinkit,Senior Data Analyst,1,16.7,13.5,23.0,8,1273,1,True,True,False,1.7037037037037037,False,2.1972245773362196,2.8735646395797834,blinkit
3651,BUDDI.AI,Senior Data Analyst,3,4.2,4.0,5.0,8,1274,3,True,False,False,1.25,False,2.1972245773362196,1.6486586255873816,buddiai
5685,Cartesian Consulting,Senior Data Analyst,1,7.5,5.6,11.0,7,1275,1,True,True,False,1.9642857142857144,False,2.0794415416798357,2.1400661634962708,cartesian consulting
5674,Fuel Intelligence,Senior Data Analyst,2,4.5,4.0,5.0,7,1276,2,True,False,False,1.25,False,2.0794415416798357,1.7047480922384253,fuel intelligence
8174,General Mills,Senior Data Analyst,4,12.2,9.0,15.5,7,1277,4,True,False,False,1.7222222222222223,False,2.0794415416798357,2.580216829592325,general mills
1548,Cisco Systems,Senior Data Analyst,7,15.3,13.2,20.3,7,1278,5+,True,False,False,1.537878787878788,False,2.0794415416798357,2.791165107812717,cisco systems
2289,TIAA Global Business Services,Senior Data Analyst,6,15.5,12.0,21.5,7,1279,5+,True,False,False,1.7916666666666667,False,2.0794415416798357,2.803360380906535,tiaa global business services
6765,Nailbiter,Senior Data Analyst,1,4.9,4.5,5.2,7,1280,1,True,True,False,1.1555555555555557,False,2.0794415416798357,1.7749523509116738,nailbiter
3141,Aon,Senior Data Analyst,2,7.0,3.8,12.2,7,1281,2,True,False,False,3.2105263157894735,False,2.0794415416798357,2.0794415416798357,aon
5717,Aakash Institute,Senior Data Analyst,1,5.3,3.8,6.5,7,1282,1,True,True,False,1.7105263157894737,False,2.0794415416798357,1.840549633397487,aakash institute
3920,D2L Pharma Research Solutions,Senior Data Analyst,4,4.3,3.4,5.2,7,1283,4,True,False,False,1.5294117647058825,False,2.0794415416798357,1.667706820558076,d2l pharma research solutions
1699,HARMAN,Senior Data Analyst,5,9.4,6.5,12.2,7,1284,5+,True,False,False,1.876923076923077,False,2.0794415416798357,2.341805806147327,harman
7242,Vaco Binary Semantics,Senior Data Analyst,1,5.0,3.5,6.8,7,1285,1,True,True,False,1.9428571428571428,False,2.0794415416798357,1.791759469228055,vaco binary semantics
1250,B3Intelligence,Senior Data Analyst,3,6.8,4.0,8.5,7,1286,3,True,False,False,2.125,False,2.0794415416798357,2.0541237336955462,b3intelligence
8278,Sapient Corporation,Senior Data Analyst,3,12.1,5.1,20.8,7,1287,3,True,False,False,4.07843137254902,False,2.0794415416798357,2.5726122302071057,sapient corporation
3960,Legato Health Technologies,Senior Data Analyst,6,14.3,11.7,21.0,7,1288,5+,True,False,False,1.794871794871795,False,2.0794415416798357,2.72785282839839,legato health technologies
3800,Fidelity National Financial,Senior Data Analyst,2,4.9,3.5,6.2,7,1289,2,True,False,False,1.7714285714285716,False,2.0794415416798357,1.7749523509116738,fidelity national financial
4574,Zomato,Senior Data Analyst,0,6.2,5.5,7.3,7,1290,0,True,True,False,1.3272727272727272,False,2.0794415416798357,1.9740810260220096,zomato
6952,Symphony Retail AI,Senior Data Analyst,3,10.5,10.0,11.0,7,1291,3,True,False,False,1.1,False,2.0794415416798357,2.4423470353692043,symphony retail ai
2082,Myntra,Senior Data Analyst,5,11.9,7.5,23.0,7,1292,5+,True,False,False,3.066666666666667,False,2.0794415416798357,2.5572273113676265,myntra
2160,KPI Partners,Senior Data Analyst,6,13.9,11.0,16.0,7,1293,5+,True,False,False,1.4545454545454546,False,2.0794415416798357,2.7013612129514133,kpi partners
6774,Reliance Retail,Senior Data Analyst,2,6.0,4.5,6.8,7,1294,2,True,False,False,1.511111111111111,False,2.0794415416798357,1.9459101490553132,reliance retail
8484,Publicis,Senior Data Analyst,3,14.9,7.5,20.0,7,1295,3,True,False,False,2.6666666666666665,False,2.0794415416798357,2.766319109226186,publicis
5173,TEKsystems,Senior Data Analyst,4,12.2,10.0,13.5,7,1296,4,True,False,False,1.35,False,2.0794415416798357,2.580216829592325,teksystems
5395,Mobile Premier League,Senior Data Analyst,1,25.2,20.0,28.0,7,1297,1,True,True,False,1.4,False,2.0794415416798357,3.265759410767051,mobile premier league
4791,Citigroup,Senior Data Analyst,2,17.0,14.0,21.0,7,1298,2,True,False,False,1.5,False,2.0794415416798357,2.8903717578961645,citigroup
1331,LearningMate Solutions,Senior Data Analyst,4,9.1,8.0,10.8,6,1299,4,True,False,False,1.35,False,1.9459101490553132,2.312535423847214,learningmate solutions
7095,Encore Capital Group,Senior Data Analyst,3,8.5,7.5,9.1,6,1300,3,True,False,False,1.2133333333333334,False,1.9459101490553132,2.2512917986064953,encore capital group
8186,MResult Services,Senior Data Analyst,5,8.4,7.0,9.0,6,1301,5+,True,False,False,1.2857142857142858,False,1.9459101490553132,2.2407096892759584,mresult services
7897,XL Catlin,Senior Data Analyst,3,14.9,11.8,17.4,6,1302,3,True,False,False,1.4745762711864405,False,1.9459101490553132,2.766319109226186,xl catlin
8636,Williams Lea Tag,Senior Data Analyst,5,6.6,5.0,9.0,6,1303,5+,True,False,False,1.8,False,1.9459101490553132,2.028148247292285,williams lea tag
3326,Ninjacart,Senior Data Analyst,2,6.7,6.0,9.5,6,1304,2,True,False,False,1.5833333333333333,False,1.9459101490553132,2.0412203288596382,ninjacart
6243,Bajaj Finserv,Senior Data Analyst,3,11.4,9.4,15.0,6,1305,3,True,False,False,1.5957446808510638,False,1.9459101490553132,2.517696472610991,bajaj finserv
7539,Collegedunia,Senior Data Analyst,1,4.3,3.6,5.0,6,1306,1,True,True,False,1.3888888888888888,False,1.9459101490553132,1.667706820558076,collegedunia
8127,Arthur J. Gallagher & Co,Senior Data Analyst,3,5.5,5.0,6.6,6,1307,3,True,False,False,1.3199999999999998,False,1.9459101490553132,1.8718021769015913,arthur j gallagher co
4568,Athenahealth Technology,Senior Data Analyst,6,6.1,5.6,6.6,6,1308,5+,True,False,False,1.1785714285714286,False,1.9459101490553132,1.9600947840472698,athenahealth technology
8924,ADP Solutions,Senior Data Analyst,3,10.0,4.5,17.5,6,1309,3,True,False,False,3.888888888888889,False,1.9459101490553132,2.3978952727983707,adp solutions
2900,UST,Senior Data Analyst,5,10.4,6.0,12.0,6,1310,5+,True,False,False,2.0,False,1.9459101490553132,2.4336133554004498,ust
1261,L&T Infotech,Senior Data Engineer,2,11.0,6.0,17.0,729,1311,2,True,False,False,2.8333333333333335,False,6.593044534142437,2.4849066497880004,lt infotech
6075,Quantiphi Analytics Solutions,Senior Data Engineer,2,15.0,9.5,22.5,137,1312,2,True,False,False,2.3684210526315788,False,4.927253685157205,2.772588722239781,quantiphi analytics solutions
3355,IBM,Senior Data Engineer,3,16.9,10.0,25.0,112,1313,3,True,False,False,2.5,False,4.727387818712341,2.884800712846709,ibm
2019,Maersk,Senior Data Engineer,5,21.1,13.4,31.0,110,1314,5+,True,False,False,2.3134328358208953,False,4.709530201312334,3.095577608523707,maersk
5441,Optum,Senior Data Engineer,5,16.5,11.9,21.0,83,1315,5+,True,False,False,1.7647058823529411,False,4.430816798843313,2.8622008809294686,optum
7401,Accenture,Senior Data Engineer,3,14.3,9.5,22.9,83,1316,3,True,False,False,2.4105263157894736,False,4.430816798843313,2.72785282839839,accenture
7834,TCS,Senior Data Engineer,5,13.3,7.9,20.9,65,1317,5+,True,False,False,2.6455696202531644,False,4.189654742026425,2.6602595372658615,tcs
5687,Wells Fargo India,Senior Data Engineer,7,21.9,16.9,31.5,64,1318,5+,True,False,False,1.8639053254437872,False,4.174387269895637,3.131136910560194,wells fargo india
3153,Altimetrik,Senior Data Engineer,4,15.2,9.5,21.1,56,1319,4,True,False,False,2.2210526315789476,False,4.04305126783455,2.785011242238338,altimetrik
3909,Coforge,Senior Data Engineer,4,15.3,12.0,18.6,53,1320,4,True,False,False,1.55,False,3.9889840465642745,2.791165107812717,coforge
2794,Cognizant,Senior Data Engineer,4,15.1,9.0,23.0,51,1321,4,True,False,False,2.5555555555555554,False,3.9512437185814275,2.7788192719904172,cognizant
5391,Sapient Corporation,Senior Data Engineer,4,19.4,15.0,26.0,51,1322,4,True,False,False,1.7333333333333334,False,3.9512437185814275,3.0155349008501706,sapient corporation
3669,Fractal Analytics,Senior Data Engineer,4,21.8,16.0,30.0,49,1323,4,True,False,False,1.875,False,3.912023005428146,3.126760535960395,fractal analytics
1037,Enquero,Senior Data Engineer,2,15.8,11.5,20.0,46,1324,2,True,False,False,1.7391304347826086,False,3.8501476017100584,2.8213788864092133,enquero
3471,Walmart,Senior Data Engineer,6,35.7,23.0,49.3,44,1325,5+,True,False,False,2.143478260869565,False,3.8066624897703196,3.6027767550605247,walmart
5772,Shell,Senior Data Engineer,3,23.3,11.2,36.0,42,1326,3,True,False,False,3.2142857142857144,False,3.7612001156935624,3.190476350346503,shell
4234,UnitedHealth,Senior Data Engineer,5,16.1,12.2,25.0,42,1327,5+,True,False,False,2.0491803278688527,False,3.7612001156935624,2.8390784635086144,unitedhealth
8386,Wipro,Senior Data Engineer,4,13.1,8.0,20.0,40,1328,4,True,False,False,2.5,False,3.713572066704308,2.6461747973841225,wipro
4606,Larsen & Toubro Limited,Senior Data Engineer,2,10.4,6.5,16.0,40,1329,2,True,False,False,2.4615384615384617,False,3.713572066704308,2.4336133554004498,larsen toubro limited
6867,Mindtree,Senior Data Engineer,2,6.7,5.8,10.0,36,1330,2,True,False,False,1.7241379310344829,False,3.6109179126442243,2.0412203288596382,mindtree
2016,Capgemini,Senior Data Engineer,3,16.4,6.8,23.5,35,1331,3,True,False,False,3.4558823529411766,False,3.58351893845611,2.856470206220483,capgemini
1684,Teradata,Senior Data Engineer,5,13.5,10.0,18.6,34,1332,5+,True,False,False,1.86,False,3.5553480614894135,2.6741486494265287,teradata
5605,Visa,Senior Data Engineer,3,27.3,20.0,32.6,31,1333,3,True,False,False,1.6300000000000001,False,3.4657359027997265,3.342861804649192,visa
6184,Ernst & Young,Senior Data Engineer,3,18.5,12.0,28.5,30,1334,3,True,False,False,2.375,False,3.4339872044851463,2.970414465569701,ernst young
3549,Concentrix Corporation,Senior Data Engineer,2,5.4,4.2,6.6,28,1335,2,True,False,False,1.5714285714285712,False,3.367295829986474,1.8562979903656263,concentrix corporation
3017,HCL Technologies,Senior Data Engineer,4,18.0,5.0,30.0,28,1336,4,True,False,False,6.0,True,3.367295829986474,2.9444389791664403,hcl technologies
2181,Lowe's,Senior Data Engineer,5,18.9,16.0,25.0,26,1337,5+,True,False,False,1.5625,False,3.295836866004329,2.990719731730447,lowes
3474,Indium Software,Senior Data Engineer,3,15.5,9.0,22.0,26,1338,3,True,False,False,2.4444444444444446,False,3.295836866004329,2.803360380906535,indium software
5978,Target,Senior Data Engineer,3,22.1,15.5,30.0,25,1339,3,True,False,False,1.935483870967742,False,3.258096538021482,3.139832617527748,target
8174,Tech Mahindra,Senior Data Engineer,4,14.3,7.3,27.0,23,1340,4,True,False,False,3.6986301369863015,False,3.1780538303479458,2.72785282839839,tech mahindra
4095,Deloitte,Senior Data Engineer,4,16.3,10.5,22.0,23,1341,4,True,False,False,2.0952380952380953,False,3.1780538303479458,2.8507065015037334,deloitte
4217,Amazon,Senior Data Engineer,6,32.0,18.0,45.0,19,1342,5+,True,False,False,2.5,False,2.995732273553991,3.4965075614664802,amazon
3206,DXC Technology,Senior Data Engineer,5,14.7,9.6,24.2,19,1343,5+,True,False,False,2.5208333333333335,False,2.995732273553991,2.7536607123542622,dxc technology
8759,Tiger Analytics,Senior Data Engineer,5,22.1,15.0,28.0,19,1344,5+,True,False,False,1.8666666666666667,False,2.995732273553991,3.139832617527748,tiger analytics
3293,GE Healthcare,Senior Data Engineer,5,17.8,13.0,24.8,18,1345,5+,True,False,False,1.9076923076923078,False,2.9444389791664403,2.9338568698359038,ge healthcare
1825,Morgan Stanley,Senior Data Engineer,6,28.8,20.0,36.5,18,1346,5+,True,False,False,1.825,False,2.9444389791664403,3.3945083935113587,morgan stanley
5572,EPAM Systems,Senior Data Engineer,4,23.1,17.0,27.0,18,1347,4,True,False,False,1.588235294117647,False,2.9444389791664403,3.1822118404966093,epam systems
8874,NIIT Technologies,Senior Data Engineer,2,15.0,14.5,15.5,17,1348,2,True,False,False,1.0689655172413792,False,2.8903717578961645,2.772588722239781,niit technologies
2545,GE,Senior Data Engineer,4,19.3,14.0,25.2,16,1349,4,True,False,False,1.8,False,2.833213344056216,3.0106208860477417,ge
8403,JLL,Senior Data Engineer,4,23.5,16.5,33.0,16,1350,4,True,False,False,2.0,False,2.833213344056216,3.1986731175506815,jll
3114,Nagarro,Senior Data Engineer,3,24.1,17.0,32.0,16,1351,3,True,False,False,1.8823529411764706,False,2.833213344056216,3.2228678461377385,nagarro
3013,NIKE,Senior Data Engineer,5,31.0,27.0,35.0,16,1352,5+,True,False,False,1.2962962962962963,False,2.833213344056216,3.4657359027997265,nike
6927,Micron Technology,Senior Data Engineer,5,19.8,12.5,29.0,16,1353,5+,True,False,False,2.32,False,2.833213344056216,3.0349529867072724,micron technology
4999,Nokia,Senior Data Engineer,5,17.5,13.5,25.0,14,1354,5+,True,False,False,1.8518518518518519,False,2.70805020110221,2.917770732084279,nokia
6789,UST,Senior Data Engineer,4,14.5,9.3,21.0,14,1355,4,True,False,False,2.258064516129032,False,2.70805020110221,2.740840023925201,ust
3935,Wavicle Data Solutions,Senior Data Engineer,0,11.8,9.0,15.6,14,1356,0,True,True,False,1.7333333333333334,False,2.70805020110221,2.5494451709255714,wavicle data solutions
5076,KPI Partners,Senior Data Engineer,4,17.1,13.5,22.3,14,1357,4,True,False,False,1.651851851851852,False,2.70805020110221,2.89591193827178,kpi partners
8837,Happiest Minds Technologies,Senior Data Engineer,5,16.3,9.5,24.5,13,1358,5+,True,False,False,2.5789473684210527,False,2.6390573296152584,2.8507065015037334,happiest minds technologies
2545,BCG,Senior Data Engineer,4,24.7,20.1,28.0,13,1359,4,True,False,False,1.3930348258706466,False,2.6390573296152584,3.246490991901174,bcg
3755,Infosys,Senior Data Engineer,2,8.7,4.5,15.5,13,1360,2,True,False,False,3.4444444444444446,False,2.6390573296152584,2.272125885509337,infosys
4023,JP Morgan Chase,Senior Data Engineer,5,22.3,11.9,28.0,13,1361,5+,True,False,False,2.3529411764705883,False,2.6390573296152584,3.1484533605716547,jp morgan chase
4444,Philips,Senior Data Engineer,2,17.5,15.0,22.0,12,1362,2,True,False,False,1.4666666666666666,False,2.5649493574615367,2.917770732084279,philips
2606,Innova Solutions,Senior Data Engineer,7,27.1,16.0,40.0,12,1363,5+,True,False,False,2.5,False,2.5649493574615367,3.3357695763397,innova solutions
8804,Legato Health Technologies,Senior Data Engineer,4,16.9,11.0,22.0,12,1364,4,True,False,False,2.0,False,2.5649493574615367,2.884800712846709,legato health technologies
5376,DUNNHUMBY IT SERVICES INDIA,Senior Data Engineer,2,13.2,11.0,18.0,12,1365,2,True,False,False,1.6363636363636365,False,2.5649493574615367,2.653241964607215,dunnhumby it services india
7827,Ecolab Digital Center,Senior Data Engineer,5,17.1,12.3,19.8,12,1366,5+,True,False,False,1.6097560975609755,False,2.5649493574615367,2.89591193827178,ecolab digital center
5349,Bosch Global Software Technologies,Senior Data Engineer,2,13.8,9.0,22.0,11,1367,2,True,False,False,2.4444444444444446,False,2.4849066497880004,2.6946271807700692,bosch global software technologies
7599,Maersk Line,Senior Data Engineer,4,21.5,16.2,29.5,11,1368,4,True,False,False,1.8209876543209877,False,2.4849066497880004,3.1135153092103742,maersk line
6436,Commonwealth Bank of Australia,Senior Data Engineer,7,31.7,20.8,43.1,11,1369,5+,True,False,False,2.0721153846153846,False,2.4849066497880004,3.487375077903208,commonwealth bank of australia
8010,Cisco Systems,Senior Data Engineer,10,25.9,22.0,32.0,11,1370,5+,True,False,False,1.4545454545454546,False,2.4849066497880004,3.292126286607793,cisco systems
8941,Tredence,Senior Data Engineer,1,10.7,8.0,15.0,11,1371,1,True,True,False,1.875,False,2.4849066497880004,2.4595888418037104,tredence
6194,Oracle,Senior Data Engineer,5,29.2,15.0,51.0,11,1372,5+,True,False,False,3.4,False,2.4849066497880004,3.407841924380824,oracle
6057,Lenovo,Senior Data Engineer,4,13.5,12.0,17.0,10,1373,4,True,False,False,1.4166666666666667,False,2.3978952727983707,2.6741486494265287,lenovo
5326,Photon Interactive,Senior Data Engineer,4,8.1,6.4,10.0,10,1374,4,True,False,False,1.5625,False,2.3978952727983707,2.2082744135228043,photon interactive
4934,Intersoft Data Labs,Senior Data Engineer,3,29.2,20.0,37.8,10,1375,3,True,False,False,1.89,False,2.3978952727983707,3.407841924380824,intersoft data labs
5877,Lumiq.ai,Senior Data Engineer,3,14.0,10.0,17.5,10,1376,3,True,False,False,1.75,False,2.3978952727983707,2.70805020110221,lumiqai
3237,Dell,Senior Data Engineer,2,13.2,9.2,18.0,10,1377,2,True,False,False,1.956521739130435,False,2.3978952727983707,2.653241964607215,dell
8163,SpringML,Senior Data Engineer,2,11.1,8.5,16.5,10,1378,2,True,False,False,1.9411764705882353,False,2.3978952727983707,2.4932054526026954,springml
7150,Verizon,Senior Data Engineer,4,17.6,10.0,30.2,9,1379,4,True,False,False,3.02,False,2.302585092994046,2.9231615807191558,verizon
4732,Dunnhumby,Senior Data Engineer,2,13.6,10.0,18.0,9,1380,2,True,False,False,1.8,False,2.302585092994046,2.681021528714291,dunnhumby
5197,Hewlett-Packard Enterprise,Senior Data Engineer,3,24.9,9.0,35.0,9,1381,3,True,False,False,3.888888888888889,False,2.302585092994046,3.254242968705492,hewlettpackard enterprise
8559,Bajaj Finserv,Senior Data Engineer,1,14.4,9.7,19.0,9,1382,1,True,True,False,1.9587628865979383,False,2.302585092994046,2.7343675094195836,bajaj finserv
6218,Ab Inbev,Senior Data Engineer,8,26.4,20.0,35.0,9,1383,5+,True,False,False,1.75,False,2.302585092994046,3.3105430133940246,ab inbev
2133,Collabera Technologies,Senior Data Engineer,4,15.1,11.0,25.0,9,1384,4,True,False,False,2.272727272727273,False,2.302585092994046,2.7788192719904172,collabera technologies
3370,GE Aviation,Senior Data Engineer,8,18.7,16.0,24.0,9,1385,5+,True,False,False,1.5,False,2.302585092994046,2.9806186357439426,ge aviation
4061,News Technology Services,Senior Data Engineer,5,17.4,12.3,21.0,9,1386,5+,True,False,False,1.7073170731707317,False,2.302585092994046,2.91235066461494,news technology services
4700,ZS,Senior Data Engineer,2,18.6,15.0,23.0,9,1387,2,True,False,False,1.5333333333333334,False,2.302585092994046,2.975529566236472,zs
3212,NTT DATA,Senior Data Engineer,2,19.9,11.0,28.6,9,1388,2,True,False,False,2.6,False,2.302585092994046,3.039749158970765,ntt data
8450,Koch Business Solutions,Senior Data Engineer,7,29.5,23.0,37.0,9,1389,5+,True,False,False,1.608695652173913,False,2.302585092994046,3.417726683613366,koch business solutions
6502,PwC,Senior Data Engineer,4,17.0,11.4,24.0,9,1390,4,True,False,False,2.1052631578947367,False,2.302585092994046,2.8903717578961645,pwc
2330,McKinsey & Company,Senior Data Engineer,5,26.6,19.0,33.0,8,1391,5+,True,False,False,1.736842105263158,False,2.1972245773362196,3.3178157727231046,mckinsey company
2302,Indegene,Senior Data Engineer,3,15.7,10.0,18.8,8,1392,3,True,False,False,1.8800000000000001,False,2.1972245773362196,2.8154087194227095,indegene
3901,Johnson & Johnson,Senior Data Engineer,4,16.4,12.0,21.0,8,1393,4,True,False,False,1.75,False,2.1972245773362196,2.856470206220483,johnson johnson
1393,Optum Global Solutions,Senior Data Engineer,7,18.5,14.5,23.5,8,1394,5+,True,False,False,1.6206896551724137,False,2.1972245773362196,2.970414465569701,optum global solutions
5905,DBS Bank,Senior Data Engineer,5,20.4,14.0,30.0,8,1395,5+,True,False,False,2.142857142857143,False,2.1972245773362196,3.0633909220278057,dbs bank
3309,Bank of America,Senior Data Engineer,4,16.1,13.5,19.3,8,1396,4,True,False,False,1.4296296296296296,False,2.1972245773362196,2.8390784635086144,bank of america
3917,American Express,Senior Data Engineer,7,28.6,22.0,40.0,8,1397,5+,True,False,False,1.8181818181818181,False,2.1972245773362196,3.3877743613300146,american express
5663,Nisum Technologies,Senior Data Engineer,3,20.1,18.0,24.0,8,1398,3,True,False,False,1.3333333333333333,False,2.1972245773362196,3.0492730404820207,nisum technologies
7159,Mphasis,Senior Data Engineer,5,13.8,8.7,20.0,8,1399,5+,True,False,False,2.298850574712644,False,2.1972245773362196,2.6946271807700692,mphasis
5587,Samsung,Senior Data Engineer,4,15.2,10.0,21.0,8,1400,4,True,False,False,2.1,False,2.1972245773362196,2.785011242238338,samsung
7396,MakeMyTrip,Senior Data Engineer,3,26.4,17.0,37.0,7,1401,3,True,False,False,2.176470588235294,False,2.0794415416798357,3.3105430133940246,makemytrip
7499,Saama Technologies,Senior Data Engineer,4,16.5,13.7,21.2,7,1402,4,True,False,False,1.5474452554744527,False,2.0794415416798357,2.8622008809294686,saama technologies
6005,TO THE NEW,Senior Data Engineer,4,18.9,18.0,20.0,7,1403,4,True,False,False,1.1111111111111112,False,2.0794415416798357,2.990719731730447,to the new
5448,PayPal,Senior Data Engineer,6,23.7,19.0,28.0,7,1404,5+,True,False,False,1.4736842105263157,False,2.0794415416798357,3.2068032436339315,paypal
8883,Harman Connected Services,Senior Data Engineer,5,19.8,14.0,32.0,7,1405,5+,True,False,False,2.2857142857142856,False,2.0794415416798357,3.0349529867072724,harman connected services
7936,ITC Infotech India,Senior Data Engineer,4,16.8,10.6,21.5,7,1406,4,True,False,False,2.0283018867924527,False,2.0794415416798357,2.8791984572980396,itc infotech india
7355,IQVIA,Senior Data Engineer,4,17.3,13.0,21.5,7,1407,4,True,False,False,1.6538461538461537,False,2.0794415416798357,2.9069010598473755,iqvia
3402,Luxoft,Senior Data Engineer,5,19.5,15.0,23.0,7,1408,5+,True,False,False,1.5333333333333334,False,2.0794415416798357,3.0204248861443626,luxoft
6249,Paytm,Senior Data Engineer,4,25.9,20.0,33.0,7,1409,4,True,False,False,1.65,False,2.0794415416798357,3.292126286607793,paytm
8302,Citicorp,Senior Data Engineer,4,23.1,18.8,28.0,7,1410,4,True,False,False,1.4893617021276595,False,2.0794415416798357,3.1822118404966093,citicorp
8836,Axa XL,Senior Data Engineer,4,7.7,7.0,9.2,7,1411,4,True,False,False,1.3142857142857143,False,2.0794415416798357,2.163323025660538,axa xl
3856,TEKsystems,Senior Data Engineer,5,16.4,10.5,26.0,7,1412,5+,True,False,False,2.4761904761904763,False,2.0794415416798357,2.856470206220483,teksystems
5649,HSBC,Senior Data Engineer,5,16.1,12.0,20.0,7,1413,5+,True,False,False,1.6666666666666667,False,2.0794415416798357,2.8390784635086144,hsbc
2135,AstraZeneca,Senior Data Engineer,9,14.0,11.0,19.0,6,1414,5+,True,False,False,1.7272727272727273,False,1.9459101490553132,2.70805020110221,astrazeneca
2299,BlazeClan Technologies,Senior Data Engineer,4,10.0,7.3,11.7,6,1415,4,True,False,False,1.6027397260273972,False,1.9459101490553132,2.3978952727983707,blazeclan technologies
7892,Data Semantics,Senior Data Engineer,7,15.4,11.0,17.4,6,1416,5+,True,False,False,1.5818181818181818,False,1.9459101490553132,2.797281334830153,data semantics
8906,Birlasoft,Senior Data Engineer,4,12.0,8.8,13.5,6,1417,4,True,False,False,1.534090909090909,False,1.9459101490553132,2.5649493574615367,birlasoft
3042,Xpo Logistics,Senior Data Engineer,6,16.3,14.0,18.0,6,1418,5+,True,False,False,1.2857142857142858,False,1.9459101490553132,2.8507065015037334,xpo logistics
7012,Renault Nissan Technology & Business Centre India,Senior Data Engineer,5,8.2,7.7,9.1,6,1419,5+,True,False,False,1.1818181818181817,False,1.9459101490553132,2.2192034840549946,renault nissan technology business centre india
3802,DataWeave,Senior Data Engineer,3,13.5,11.3,16.0,6,1420,3,True,False,False,1.415929203539823,False,1.9459101490553132,2.6741486494265287,dataweave
5650,Eli Lilly and Company,Senior Data Engineer,7,25.4,17.4,32.0,6,1421,5+,True,False,False,1.8390804597701151,False,1.9459101490553132,3.2733640101522705,eli lilly and company
1056,DataMetica,Senior Data Engineer,4,13.3,7.5,23.0,6,1422,4,True,False,False,3.066666666666667,False,1.9459101490553132,2.6602595372658615,datametica
1048,InfoStretch,Senior Data Engineer,4,16.8,10.7,23.0,6,1423,4,True,False,False,2.149532710280374,False,1.9459101490553132,2.8791984572980396,infostretch
3863,GE Transportation,Senior Data Engineer,8,22.2,21.0,23.0,6,1424,5+,True,False,False,1.0952380952380953,False,1.9459101490553132,3.1441522786722644,ge transportation
3918,Baker Hughes,Senior Data Engineer,8,21.4,16.0,27.1,6,1425,5+,True,False,False,1.69375,False,1.9459101490553132,3.109060958860994,baker hughes
1765,Intuit,Senior Data Engineer,8,39.0,26.0,47.0,5,1426,5+,True,False,False,1.8076923076923077,False,1.791759469228055,3.6888794541139363,intuit
2816,Expedia,Senior Data Engineer,6,34.8,30.0,41.3,5,1427,5+,True,False,False,1.3766666666666665,False,1.791759469228055,3.5779478934066544,expedia
6860,Yash Technologies,Senior Data Engineer,5,14.5,10.0,16.0,5,1428,5+,True,False,False,1.6,False,1.791759469228055,2.740840023925201,yash technologies
2110,IHS Markit,Senior Data Engineer,6,24.0,19.0,27.0,5,1429,5+,True,False,False,1.4210526315789473,False,1.791759469228055,3.2188758248682006,ihs markit
1264,Swiss Re,Senior Data Engineer,6,20.2,17.0,25.0,5,1430,5+,True,False,False,1.4705882352941178,False,1.791759469228055,3.054001181677967,swiss re
4668,Dun & Bradstreet,Senior Data Engineer,7,18.0,14.2,23.0,5,1431,5+,True,False,False,1.619718309859155,False,1.791759469228055,2.9444389791664403,dun bradstreet
1613,Siemens Healthineers,Senior Data Engineer,4,20.0,14.0,24.0,5,1432,4,True,False,False,1.7142857142857142,False,1.791759469228055,3.044522437723423,siemens healthineers
1188,Apar Technologies,Senior Data Engineer,8,24.5,21.5,28.0,5,1433,5+,True,False,False,1.302325581395349,False,1.791759469228055,3.2386784521643803,apar technologies
7288,GE Digital,Senior Data Engineer,7,16.9,15.0,19.9,5,1434,5+,True,False,False,1.3266666666666667,False,1.791759469228055,2.884800712846709,ge digital
2903,Riskonnect,Senior Data Engineer,4,8.5,7.0,9.8,5,1435,4,True,False,False,1.4000000000000001,False,1.791759469228055,2.2512917986064953,riskonnect
3356,T-Systems,Senior Data Engineer,7,21.2,17.5,23.5,5,1436,5+,True,False,False,1.3428571428571427,False,1.791759469228055,3.100092288878234,tsystems
8414,NCR Corporation,Senior Data Engineer,4,16.0,11.3,22.6,5,1437,4,True,False,False,2.0,False,1.791759469228055,2.833213344056216,ncr corporation
3343,BA Continuum,Senior Data Engineer,7,19.6,17.4,21.0,5,1438,5+,True,False,False,1.2068965517241381,False,1.791759469228055,3.0252910757955354,ba continuum
2769,Softcrylic Technology Solutions,Senior Data Engineer,4,18.6,10.0,29.5,5,1439,4,True,False,False,2.95,False,1.791759469228055,2.975529566236472,softcrylic technology solutions
2156,Rakuten,Senior Data Engineer,5,23.2,16.6,30.9,5,1440,5+,True,False,False,1.86144578313253,False,1.791759469228055,3.186352633162641,rakuten
1141,Honeywell Technology Solutions,Senior Data Engineer,2,22.5,20.1,24.0,5,1441,2,True,False,False,1.1940298507462686,False,1.791759469228055,3.1570004211501135,honeywell technology solutions
5628,GlobalLogic,Senior Data Engineer,3,17.3,10.4,23.1,5,1442,3,True,False,False,2.2211538461538463,False,1.791759469228055,2.9069010598473755,globallogic
1241,Emirates Airlines,Senior Data Engineer,6,68.3,20.0,94.0,5,1443,5+,True,False,False,4.7,False,1.791759469228055,4.238444906195857,emirates airlines
2007,ValueLabs,Senior Data Engineer,5,19.5,15.0,21.7,5,1444,5+,True,False,False,1.4466666666666665,False,1.791759469228055,3.0204248861443626,valuelabs
7656,GEP Worldwide,Senior Data Engineer,4,15.5,13.5,17.5,5,1445,4,True,False,False,1.2962962962962963,False,1.791759469228055,2.803360380906535,gep worldwide
6282,Ameriprise Financial,Senior Data Engineer,3,11.7,10.0,15.0,5,1446,3,True,False,False,1.5,False,1.791759469228055,2.5416019934645457,ameriprise financial
5450,Gartner India Research and Advisory Services,Senior Data Engineer,3,20.0,16.5,24.5,5,1447,3,True,False,False,1.4848484848484849,False,1.791759469228055,3.044522437723423,gartner india research and advisory services
5772,Information Evolution,Senior Data Engineer,3,3.4,2.5,4.3,5,1448,3,True,False,False,1.72,False,1.791759469228055,1.4816045409242156,information evolution
1207,Alliance Data,Senior Data Engineer,4,16.9,14.5,19.0,5,1449,4,True,False,False,1.3103448275862069,False,1.791759469228055,2.884800712846709,alliance data
1241,Franklin Templeton International Services,Senior Data Engineer,5,18.7,14.2,23.5,5,1450,5+,True,False,False,1.6549295774647887,False,1.791759469228055,2.9806186357439426,franklin templeton international services
7539,Boeing,Senior Data Engineer,7,22.2,14.0,27.0,5,1451,5+,True,False,False,1.9285714285714286,False,1.791759469228055,3.1441522786722644,boeing
6365,Kloud 9,Senior Data Engineer,7,29.9,24.0,39.0,5,1452,5+,True,False,False,1.625,False,1.791759469228055,3.4307561839036995,kloud 9
4492,Algonomy,Senior Data Engineer,8,15.2,13.5,16.3,5,1453,5+,True,False,False,1.2074074074074075,False,1.791759469228055,2.785011242238338,algonomy
3633,Tavant Technologies,Senior Data Engineer,4,13.7,10.5,16.5,5,1454,4,True,False,False,1.5714285714285714,False,1.791759469228055,2.6878474937846906,tavant technologies
2090,Cgi Group,Senior Data Engineer,5,12.0,6.5,15.4,5,1455,5+,True,False,False,2.3692307692307693,False,1.791759469228055,2.5649493574615367,cgi group
6487,Societe Generale,Senior Data Engineer,7,21.9,12.5,34.5,5,1456,5+,True,False,False,2.76,False,1.791759469228055,3.131136910560194,societe generale
8400,Mr Cooper,Senior Data Engineer,4,13.8,9.0,17.0,5,1457,4,True,False,False,1.8888888888888888,False,1.791759469228055,2.6946271807700692,mr cooper
6787,ValueMomentum,Senior Data Engineer,4,19.4,12.0,27.0,5,1458,4,True,False,False,2.25,False,1.791759469228055,3.0155349008501706,valuemomentum
4075,Clairvoyant India,Senior Data Engineer,5,16.1,12.0,20.0,5,1459,5+,True,False,False,1.6666666666666667,False,1.791759469228055,2.8390784635086144,clairvoyant india
3862,Mercedes-Benz Research & Development India,Senior Data Engineer,3,26.2,11.5,60.0,5,1460,3,True,False,False,5.217391304347826,True,1.791759469228055,3.3032169733019514,mercedesbenz research development india
8290,Knoema IT Solutions,Senior Data Engineer,4,8.9,5.3,13.0,5,1461,4,True,False,False,2.452830188679245,False,1.791759469228055,2.2925347571405443,knoema it solutions
7450,Evalueserve,Senior Data Engineer,4,12.5,10.4,17.4,5,1462,4,True,False,False,1.673076923076923,False,1.791759469228055,2.6026896854443837,evalueserve
2029,Uber,Senior Data Engineer,7,66.3,34.5,93.0,5,1463,5+,True,False,False,2.6956521739130435,False,1.791759469228055,4.209160236650682,uber
4983,GGK Technologies,Senior Data Engineer,5,11.2,9.0,14.5,5,1464,5+,True,False,False,1.6111111111111112,False,1.791759469228055,2.501435951739211,ggk technologies
2232,Anju Software,Senior Data Engineer,4,16.9,6.8,20.0,5,1465,4,True,False,False,2.9411764705882355,False,1.791759469228055,2.884800712846709,anju software
2936,phData,Senior Data Engineer,4,20.0,16.0,25.0,5,1466,4,True,False,False,1.5625,False,1.791759469228055,3.044522437723423,phdata
3616,ACS Solution,Senior Data Engineer,3,15.2,13.8,16.4,5,1467,3,True,False,False,1.188405797101449,False,1.791759469228055,2.785011242238338,acs solution
6775,MassMutual,Senior Data Engineer,6,19.3,18.3,21.0,5,1468,5+,True,False,False,1.1475409836065573,False,1.791759469228055,3.0106208860477417,massmutual
7634,ConcertAI,Senior Data Engineer,5,28.2,22.0,32.0,5,1469,5+,True,False,False,1.4545454545454546,False,1.791759469228055,3.374168709274236,concertai
1776,Onepoint IT Consulting,Senior Data Engineer,4,10.3,9.6,10.8,4,1470,4,True,False,False,1.1250000000000002,False,1.6094379124341003,2.424802725718295,onepoint it consulting
1784,Sapient Global Markets,Senior Data Engineer,5,19.9,15.0,25.0,4,1471,5+,True,False,False,1.6666666666666667,False,1.6094379124341003,3.039749158970765,sapient global markets
3278,Marlabs,Senior Data Engineer,2,14.2,6.7,20.0,4,1472,2,True,False,False,2.9850746268656714,False,1.6094379124341003,2.7212954278522306,marlabs
4124,Red Hat,Senior Data Engineer,2,18.9,11.8,26.0,4,1473,2,True,False,False,2.2033898305084745,False,1.6094379124341003,2.990719731730447,red hat
1076,EXL Service,Senior Data Engineer,3,18.7,13.0,23.6,4,1474,3,True,False,False,1.8153846153846156,False,1.6094379124341003,2.9806186357439426,exl service
3422,Advance Auto Parts,Senior Data Engineer,7,25.7,24.0,28.9,4,1475,5+,True,False,False,1.2041666666666666,False,1.6094379124341003,3.2846635654062037,advance auto parts
1583,Telstra,Senior Data Engineer,7,27.6,18.0,32.0,4,1476,5+,True,False,False,1.7777777777777777,False,1.6094379124341003,3.353406717825807,telstra
4777,GE Power,Senior Data Engineer,8,15.4,11.0,22.0,4,1477,5+,True,False,False,2.0,False,1.6094379124341003,2.797281334830153,ge power
5784,Epsilon,Senior Data Engineer,8,23.8,16.5,26.8,4,1478,5+,True,False,False,1.6242424242424243,False,1.6094379124341003,3.2108436531709366,epsilon
7490,Cimpress,Senior Data Engineer,4,20.5,15.0,23.0,4,1479,4,True,False,False,1.5333333333333334,False,1.6094379124341003,3.068052935133617,cimpress
3262,Senvion,Senior Data Engineer,4,12.7,9.0,16.0,4,1480,4,True,False,False,1.7777777777777777,False,1.6094379124341003,2.617395832834079,senvion
4343,USEReady,Senior Data Engineer,4,14.3,9.4,18.4,4,1481,4,True,False,False,1.957446808510638,False,1.6094379124341003,2.72785282839839,useready
4731,Milliman,Senior Data Engineer,5,19.5,14.1,25.0,4,1482,5+,True,False,False,1.773049645390071,False,1.6094379124341003,3.0204248861443626,milliman
4942,Blackhawk Network,Senior Data Engineer,5,21.8,16.4,25.0,4,1483,5+,True,False,False,1.524390243902439,False,1.6094379124341003,3.126760535960395,blackhawk network
8937,Wabtec,Senior Data Engineer,9,20.0,19.0,21.0,4,1484,5+,True,False,False,1.105263157894737,False,1.6094379124341003,3.044522437723423,wabtec
8506,KrazyBee,Senior Data Engineer,3,10.3,8.5,15.7,4,1485,3,True,False,False,1.8470588235294116,False,1.6094379124341003,2.424802725718295,krazybee
3916,Roche Diagnostics,Senior Data Engineer,5,33.1,23.5,43.0,4,1486,5+,True,False,False,1.8297872340425532,False,1.6094379124341003,3.529297384289471,roche diagnostics
3081,Fidelity National Information Services,Senior Data Engineer,6,20.1,12.0,23.8,4,1487,5+,True,False,False,1.9833333333333334,False,1.6094379124341003,3.0492730404820207,fidelity national information services
6757,XL Health,Senior Data Engineer,4,9.9,8.5,12.0,4,1488,4,True,False,False,1.411764705882353,False,1.6094379124341003,2.388762789235098,xl health
4714,ADP Solutions,Senior Data Engineer,4,14.3,11.6,19.0,4,1489,4,True,False,False,1.6379310344827587,False,1.6094379124341003,2.72785282839839,adp solutions
8979,Hexaware Technologies,Senior Data Engineer,8,18.4,13.0,22.8,4,1490,5+,True,False,False,1.7538461538461538,False,1.6094379124341003,2.9652730660692823,hexaware technologies
3261,Citibank,Senior Data Engineer,6,18.2,14.0,20.0,4,1491,5+,True,False,False,1.4285714285714286,False,1.6094379124341003,2.954910279033736,citibank
2509,Akamai Technologies,Senior Data Engineer,5,24.1,21.8,25.1,4,1492,5+,True,False,False,1.151376146788991,False,1.6094379124341003,3.2228678461377385,akamai technologies
5427,Quest Global,Senior Data Engineer,8,20.3,17.0,24.0,4,1493,5+,True,False,False,1.411764705882353,False,1.6094379124341003,3.0587070727153796,quest global
8730,TCS,Machine Learning Engineer,1,5.8,4.0,9.3,193,1494,1,False,False,False,2.325,False,5.267858159063328,1.916922612182061,tcs
7970,Quantiphi Analytics Solutions,Machine Learning Engineer,1,11.2,7.4,15.0,174,1495,1,False,False,False,2.0270270270270268,False,5.1647859739235145,2.501435951739211,quantiphi analytics solutions
3670,Accenture,Machine Learning Engineer,2,9.9,5.4,15.2,61,1496,2,False,False,False,2.8148148148148144,False,4.127134385045092,2.388762789235098,accenture
5039,Wipro,Machine Learning Engineer,1,5.9,3.5,13.0,45,1497,1,False,False,False,3.7142857142857144,False,3.828641396489095,1.9315214116032138,wipro
4623,Tiger Analytics,Machine Learning Engineer,0,13.6,9.0,22.0,37,1498,0,False,False,False,2.4444444444444446,False,3.6375861597263857,2.681021528714291,tiger analytics
6359,Capgemini,Machine Learning Engineer,2,6.3,4.5,12.1,29,1499,2,False,False,False,2.6888888888888887,False,3.4011973816621555,1.9878743481543455,capgemini
3690,Infosys,Machine Learning Engineer,2,6.7,4.3,14.7,28,1500,2,False,False,False,3.4186046511627906,False,3.367295829986474,2.0412203288596382,infosys
5388,Cognizant,Machine Learning Engineer,1,8.0,4.0,15.2,28,1501,1,False,False,False,3.8,False,3.367295829986474,2.1972245773362196,cognizant
8641,HCL Technologies,Machine Learning Engineer,0,8.3,4.2,14.0,21,1502,0,False,False,False,3.333333333333333,False,3.091042453358316,2.2300144001592104,hcl technologies
7359,Tech Mahindra,Machine Learning Engineer,1,7.3,3.9,16.2,20,1503,1,False,False,False,4.153846153846154,False,3.044522437723423,2.1162555148025524,tech mahindra
8279,IBM,Machine Learning Engineer,3,9.3,4.5,13.2,18,1504,3,False,False,False,2.933333333333333,False,2.9444389791664403,2.33214389523559,ibm
5845,Deloitte,Machine Learning Engineer,2,13.7,8.3,21.0,14,1505,2,False,False,False,2.5301204819277108,False,2.70805020110221,2.6878474937846906,deloitte
8614,Amazon,Machine Learning Engineer,1,12.5,4.2,28.5,13,1506,1,False,False,False,6.785714285714286,True,2.6390573296152584,2.6026896854443837,amazon
5078,Qualcomm,Machine Learning Engineer,0,19.4,12.0,29.8,12,1507,0,False,False,False,2.4833333333333334,False,2.5649493574615367,3.0155349008501706,qualcomm
1639,OptiSol Business Solutions,Machine Learning Engineer,0,5.6,3.5,8.5,11,1508,0,False,False,False,2.4285714285714284,False,2.4849066497880004,1.8870696490323797,optisol business solutions
5795,Mindtree,Machine Learning Engineer,1,5.3,3.5,7.0,10,1509,1,False,False,False,2.0,False,2.3978952727983707,1.840549633397487,mindtree
2328,Virtusa Consulting Services,Machine Learning Engineer,0,5.1,4.0,9.0,9,1510,0,False,False,False,2.25,False,2.302585092994046,1.8082887711792655,virtusa consulting services
5245,Ford Motor,Machine Learning Engineer,2,11.8,7.5,16.0,9,1511,2,False,False,False,2.1333333333333333,False,2.302585092994046,2.5494451709255714,ford motor
4868,Samsung Research,Machine Learning Engineer,1,17.4,11.0,25.0,9,1512,1,False,False,False,2.272727272727273,False,2.302585092994046,2.91235066461494,samsung research
7490,DXC Technology,Machine Learning Engineer,2,7.3,4.0,11.0,8,1513,2,False,False,False,2.75,False,2.1972245773362196,2.1162555148025524,dxc technology
5325,UST,Machine Learning Engineer,2,6.7,5.0,9.0,8,1514,2,False,False,False,1.8,False,2.1972245773362196,2.0412203288596382,ust
6058,Reliance jio,Machine Learning Engineer,2,9.2,5.5,15.0,8,1515,2,False,False,False,2.727272727272727,False,2.1972245773362196,2.322387720290225,reliance jio
6517,Straive,Machine Learning Engineer,3,9.3,4.5,13.5,8,1516,3,False,False,False,3.0,False,2.1972245773362196,2.33214389523559,straive
2325,e-Zest,Machine Learning Engineer,0,4.5,2.1,7.0,7,1517,0,False,False,False,3.333333333333333,False,2.0794415416798357,1.7047480922384253,ezest
6763,Trantor,Machine Learning Engineer,1,9.4,7.0,16.5,7,1518,1,False,False,False,2.357142857142857,False,2.0794415416798357,2.341805806147327,trantor
5830,JP Morgan Chase,Machine Learning Engineer,3,16.9,13.0,22.0,7,1519,3,False,False,False,1.6923076923076923,False,2.0794415416798357,2.884800712846709,jp morgan chase
8422,Freelancer.com,Machine Learning Engineer,0,5.1,2.0,8.4,7,1520,0,False,False,False,4.2,False,2.0794415416798357,1.8082887711792655,freelancercom
5862,Jio Platforms,Machine Learning Engineer,0,10.9,6.7,16.8,7,1521,0,False,False,False,2.5074626865671643,False,2.0794415416798357,2.4765384001174837,jio platforms
3105,Monsoon CreditTech,Machine Learning Engineer,0,9.6,7.0,12.0,6,1522,0,False,False,False,1.7142857142857142,False,1.9459101490553132,2.3608540011180215,monsoon credittech
3086,L&T Technology Services,Machine Learning Engineer,1,5.3,4.4,7.0,6,1523,1,False,False,False,1.5909090909090908,False,1.9459101490553132,1.840549633397487,lt technology services
3394,Sysark,Machine Learning Engineer,1,3.7,3.1,4.5,6,1524,1,False,False,False,1.4516129032258065,False,1.9459101490553132,1.547562508716013,sysark
7499,Lucida Technologies,Machine Learning Engineer,1,3.6,3.3,4.3,6,1525,1,False,False,False,1.303030303030303,False,1.9459101490553132,1.5260563034950492,lucida technologies
7243,Ignitarium Technology Solutions,Machine Learning Engineer,0,5.8,5.0,7.0,6,1526,0,False,False,False,1.4,False,1.9459101490553132,1.916922612182061,ignitarium technology solutions
2489,Oracle,Machine Learning Engineer,1,20.7,20.0,22.0,6,1527,1,False,False,False,1.1,False,1.9459101490553132,3.077312260546414,oracle
6012,Samsung,Machine Learning Engineer,0,16.8,14.0,21.5,6,1528,0,False,False,False,1.5357142857142858,False,1.9459101490553132,2.8791984572980396,samsung
8657,Sri Ayyan Kendra Vidyalaya International School,Machine Learning Engineer,1,6.1,2.3,10.0,5,1529,1,False,False,False,4.347826086956522,False,1.791759469228055,1.9600947840472698,sri ayyan kendra vidyalaya international school
6584,Reflections Info Systems,Machine Learning Engineer,1,3.6,3.0,4.5,5,1530,1,False,False,False,1.5,False,1.791759469228055,1.5260563034950492,reflections info systems
6406,Qualitas Technologies,Machine Learning Engineer,1,4.7,2.8,7.0,5,1531,1,False,False,False,2.5,False,1.791759469228055,1.7404661748405046,qualitas technologies
3804,Allstate,Machine Learning Engineer,5,12.1,11.2,13.0,5,1532,5+,False,False,False,1.1607142857142858,False,1.791759469228055,2.5726122302071057,allstate
1576,Barclays,Machine Learning Engineer,3,19.4,9.0,29.1,5,1533,3,False,False,False,3.2333333333333334,False,1.791759469228055,3.0155349008501706,barclays
2744,Ericsson,Machine Learning Engineer,2,11.9,6.2,18.5,5,1534,2,False,False,False,2.9838709677419355,False,1.791759469228055,2.5572273113676265,ericsson
5013,Confidential,Machine Learning Engineer,1,7.4,5.9,9.0,5,1535,1,False,False,False,1.5254237288135593,False,1.791759469228055,2.128231705849268,confidential
3456,Taglr Technologies,Machine Learning Engineer,0,6.3,4.5,10.0,5,1536,0,False,False,False,2.2222222222222223,False,1.791759469228055,1.9878743481543455,taglr technologies
6525,Takvaviya Analytics,Machine Learning Engineer,1,4.8,4.2,5.3,5,1537,1,False,False,False,1.2619047619047619,False,1.791759469228055,1.7578579175523736,takvaviya analytics
1304,AAIC Technologies,Machine Learning Engineer,0,9.1,6.0,14.8,5,1538,0,False,False,False,2.466666666666667,False,1.791759469228055,2.312535423847214,aaic technologies
2171,CIMCON Software,Machine Learning Engineer,2,6.6,3.0,10.0,5,1539,2,False,False,False,3.3333333333333335,False,1.791759469228055,2.028148247292285,cimcon software
6484,Siemens,Machine Learning Engineer,3,11.7,6.0,16.0,5,1540,3,False,False,False,2.6666666666666665,False,1.791759469228055,2.5416019934645457,siemens
1122,Fractal Analytics,Machine Learning Engineer,4,19.4,15.0,25.0,5,1541,4,False,False,False,1.6666666666666667,False,1.791759469228055,3.0155349008501706,fractal analytics
6142,Metagogy Learning Systems,Machine Learning Engineer,0,3.7,3.0,4.2,5,1542,0,False,False,False,1.4000000000000001,False,1.791759469228055,1.547562508716013,metagogy learning systems
1869,EEGRAB,Machine Learning Engineer,1,5.1,3.5,7.2,5,1543,1,False,False,False,2.0571428571428574,False,1.791759469228055,1.8082887711792655,eegrab
7698,Digitalmain,Machine Learning Engineer,1,4.4,3.0,5.8,5,1544,1,False,False,False,1.9333333333333333,False,1.791759469228055,1.6863989535702288,digitalmain
5256,Danaher,Machine Learning Engineer,6,24.8,24.0,26.0,5,1545,5+,False,False,False,1.0833333333333333,False,1.791759469228055,3.250374491927572,danaher
1064,Phenom,Machine Learning Engineer,1,12.6,9.0,16.0,5,1546,1,False,False,False,1.7777777777777777,False,1.791759469228055,2.6100697927420065,phenom
4348,Orange Business Services,Machine Learning Engineer,5,16.1,15.0,18.0,4,1547,5+,False,False,False,1.2,False,1.6094379124341003,2.8390784635086144,orange business services
5584,Calsoft,Machine Learning Engineer,1,10.9,6.0,25.0,4,1548,1,False,False,False,4.166666666666667,False,1.6094379124341003,2.4765384001174837,calsoft
1151,Hewlett-Packard Enterprise,Machine Learning Engineer,2,23.3,7.0,40.0,4,1549,2,False,False,False,5.714285714285714,True,1.6094379124341003,3.190476350346503,hewlettpackard enterprise
5171,Datamatics Global Services,Machine Learning Engineer,1,5.1,3.1,8.0,4,1550,1,False,False,False,2.5806451612903225,False,1.6094379124341003,1.8082887711792655,datamatics global services
4016,Techolution,Machine Learning Engineer,4,10.0,7.0,14.0,4,1551,4,False,False,False,2.0,False,1.6094379124341003,2.3978952727983707,techolution
8875,Intel,Machine Learning Engineer,1,14.4,10.5,16.1,4,1552,1,False,False,False,1.5333333333333334,False,1.6094379124341003,2.7343675094195836,intel
6274,Accenture,Data Architect,8,24.6,15.8,33.0,55,1553,5+,True,False,False,2.088607594936709,False,4.02535169073515,3.242592351485517,accenture
6618,TCS,Data Architect,8,19.9,13.0,30.0,49,1554,5+,True,False,False,2.3076923076923075,False,3.912023005428146,3.039749158970765,tcs
2337,Fiserv,Data Architect,3,11.2,8.4,18.4,47,1555,3,True,False,False,2.1904761904761902,False,3.871201010907891,2.501435951739211,fiserv
2022,IBM,Data Architect,10,19.6,13.5,29.0,44,1556,5+,True,False,False,2.1481481481481484,False,3.8066624897703196,3.0252910757955354,ibm
4135,Cognizant,Data Architect,10,19.6,15.0,25.5,42,1557,5+,True,False,False,1.7,False,3.7612001156935624,3.0252910757955354,cognizant
3034,Wipro,Data Architect,8,20.2,13.0,27.5,29,1558,5+,True,False,False,2.1153846153846154,False,3.4011973816621555,3.054001181677967,wipro
6142,Globant,Data Architect,4,21.2,15.5,32.0,21,1559,4,True,False,False,2.064516129032258,False,3.091042453358316,3.100092288878234,globant
1839,Capgemini,Data Architect,10,22.6,16.0,32.0,19,1560,5+,True,False,False,2.0,False,2.995732273553991,3.1612467120315646,capgemini
3084,Tech Mahindra,Data Architect,13,17.3,11.2,25.0,12,1561,5+,True,False,False,2.232142857142857,False,2.5649493574615367,2.9069010598473755,tech mahindra
8450,HCL Technologies,Data Architect,13,23.1,16.6,31.0,10,1562,5+,True,False,False,1.8674698795180722,False,2.3978952727983707,3.1822118404966093,hcl technologies
8451,UST,Data Architect,9,26.8,16.0,45.0,9,1563,5+,True,False,False,2.8125,False,2.302585092994046,3.3250360206965914,ust
1314,Adobe,Data Architect,9,32.6,30.0,37.0,8,1564,5+,True,False,False,1.2333333333333334,False,2.1972245773362196,3.5145260669691587,adobe
2672,Cgi Group,Data Architect,8,23.9,17.0,30.6,8,1565,5+,True,False,False,1.8,False,2.1972245773362196,3.214867803470662,cgi group
7853,Infosys,Data Architect,13,19.8,11.9,32.0,8,1566,5+,True,False,False,2.6890756302521006,False,2.1972245773362196,3.0349529867072724,infosys
1848,JP Morgan Chase,Data Architect,8,35.1,27.0,45.0,8,1567,5+,True,False,False,1.6666666666666667,False,2.1972245773362196,3.586292865338835,jp morgan chase
8820,Genpact,Data Architect,7,26.1,15.0,37.0,7,1568,5+,True,False,False,2.466666666666667,False,2.0794415416798357,3.299533727885655,genpact
8211,Ernst & Young,Data Architect,8,23.5,20.0,27.7,6,1569,5+,True,False,False,1.385,False,1.9459101490553132,3.1986731175506815,ernst young
3608,Deloitte,Data Architect,11,27.6,21.2,32.3,6,1570,5+,True,False,False,1.5235849056603772,False,1.9459101490553132,3.353406717825807,deloitte
2239,PepsiCo,Data Architect,10,33.6,26.1,49.0,6,1571,5+,True,False,False,1.8773946360153255,False,1.9459101490553132,3.543853682063679,pepsico
3202,Anthology,Data Architect,11,25.5,25.0,26.3,6,1572,5+,True,False,False,1.052,False,1.9459101490553132,3.2771447329921766,anthology
1941,DXC Technology,Data Architect,14,19.8,15.5,24.0,5,1573,5+,True,False,False,1.5483870967741935,False,1.791759469228055,3.0349529867072724,dxc technology
4478,Atos,Data Architect,12,22.8,17.2,35.7,5,1574,5+,True,False,False,2.0755813953488373,False,1.791759469228055,3.169685580677429,atos
8902,ValueLabs,Data Architect,9,22.5,21.0,26.7,5,1575,5+,True,False,False,1.2714285714285714,False,1.791759469228055,3.1570004211501135,valuelabs
4813,Barclays,Data Architect,15,30.4,30.0,30.7,5,1576,5+,True,False,False,1.0233333333333332,False,1.791759469228055,3.4468078929142076,barclays
2588,Ericsson,Data Architect,8,17.5,12.8,26.5,5,1577,5+,True,False,False,2.0703125,False,1.791759469228055,2.917770732084279,ericsson
7967,Vodafone Idea,Data Architect,10,25.8,21.3,30.0,5,1578,5+,True,False,False,1.408450704225352,False,1.791759469228055,3.288401887516811,vodafone idea
6303,IQVIA,Data Architect,8,28.6,25.0,34.0,5,1579,5+,True,False,False,1.36,False,1.791759469228055,3.3877743613300146,iqvia
3861,Amdocs,Data Architect,5,12.5,9.9,16.1,5,1580,5+,True,False,False,1.6262626262626263,False,1.791759469228055,2.6026896854443837,amdocs
7616,Mindtree,Data Architect,10,20.5,17.5,23.0,5,1581,5+,True,False,False,1.3142857142857143,False,1.791759469228055,3.068052935133617,mindtree
7678,Mphasis,Data Architect,13,20.9,14.0,32.0,5,1582,5+,True,False,False,2.2857142857142856,False,1.791759469228055,3.086486636822455,mphasis
1377,PwC,Data Architect,8,21.6,13.0,32.0,5,1583,5+,True,False,False,2.4615384615384617,False,1.791759469228055,3.1179499062782403,pwc
5109,Happiest Minds Technologies,Data Architect,12,27.6,26.5,29.0,4,1584,5+,True,False,False,1.0943396226415094,False,1.6094379124341003,3.353406717825807,happiest minds technologies
5994,Shell,Data Architect,14,35.7,33.6,38.0,4,1585,5+,True,False,False,1.130952380952381,False,1.6094379124341003,3.6027767550605247,shell
6714,Fidelity International,Data Architect,8,50.6,23.4,93.0,4,1586,5+,True,False,False,3.9743589743589745,False,1.6094379124341003,3.9435216724875173,fidelity international
2842,Maveric Systems,Data Architect,9,19.0,19.0,19.0,4,1587,5+,True,False,False,1.0,False,1.6094379124341003,2.995732273553991,maveric systems
5485,Webhelp,Data Architect,5,12.0,7.5,18.0,4,1588,5+,True,False,False,2.4,False,1.6094379124341003,2.5649493574615367,webhelp
3847,Bajaj Finserv,Data Architect,6,33.1,19.0,42.5,4,1589,5+,True,False,False,2.236842105263158,False,1.6094379124341003,3.529297384289471,bajaj finserv
1379,GlobalLogic,Data Architect,10,25.5,22.7,28.5,4,1590,5+,True,False,False,1.2555066079295154,False,1.6094379124341003,3.2771447329921766,globallogic
1999,L&T Infotech,Data Architect,11,24.8,20.5,33.5,4,1591,5+,True,False,False,1.6341463414634145,False,1.6094379124341003,3.250374491927572,lt infotech
7143,Ab Inbev,Data Architect,14,29.8,26.1,31.0,4,1592,5+,True,False,False,1.1877394636015326,False,1.6094379124341003,3.427514689979529,ab inbev
1125,Automatic Data Processing,Data Architect,7,36.5,14.0,102.0,4,1593,5+,True,False,False,7.285714285714286,True,1.6094379124341003,3.624340932976365,automatic data processing
5862,Brillio,Data Architect,14,28.3,25.0,38.0,4,1594,5+,True,False,False,1.52,False,1.6094379124341003,3.3775875160230218,brillio
3083,Whishworks It Consulting,Data Architect,13,29.8,20.0,37.0,4,1595,5+,True,False,False,1.85,False,1.6094379124341003,3.427514689979529,whishworks it consulting
1459,ITC Infotech India,Data Architect,12,29.0,19.8,40.0,4,1596,5+,True,False,False,2.0202020202020203,False,1.6094379124341003,3.4011973816621555,itc infotech india
8528,IVY Comptech,Data Architect,12,21.8,17.0,29.0,4,1597,5+,True,False,False,1.7058823529411764,False,1.6094379124341003,3.126760535960395,ivy comptech
3456,Collabera Technologies,Data Architect,8,17.0,12.0,23.1,4,1598,5+,True,False,False,1.925,False,1.6094379124341003,2.8903717578961645,collabera technologies
7737,Coforge,Data Architect,7,27.1,18.5,39.0,4,1599,5+,True,False,False,2.108108108108108,False,1.6094379124341003,3.3357695763397,coforge
5920,Hitachi,Data Architect,21,40.0,25.0,50.0,3,1600,5+,True,False,False,2.0,False,1.3862943611198906,3.713572066704308,hitachi
8388,GE Power,Data Architect,7,16.7,14.9,19.0,3,1601,5+,True,False,False,1.2751677852348993,False,1.3862943611198906,2.8735646395797834,ge power
1385,T-Systems,Data Architect,16,33.3,33.0,34.0,3,1602,5+,True,False,False,1.0303030303030303,False,1.3862943611198906,3.535145354171894,tsystems
